feature_5,feature_6,feature_7,feature_8,feature_9,MonthlyCharges,Tenure,Gender,Contract,InternetService,Churn
-2.8732703802156827,1.6228752735909744,1.1974231998049074,-1.8702084671204515,7.149388996534132,84.60970649728029,12,Male,Two year,Fiber optic,1
1.0473431163438045,-0.8382832367759102,-0.8571723738917058,-0.8483194056261063,0.03961306914371143,39.389135544961455,0,Male,One year,Fiber optic,0
-2.5980141894739726,0.8579892971621974,-0.5791288370068761,-1.251153833768841,0.16537623719369868,24.668496850884587,12,Female,One year,DSL,0
-2.303886235302519,-0.13331127234599705,-0.7483831806910335,0.509018910577683,2.2544633490237804,54.9368456774912,12,Female,Month-to-month,DSL,0
-0.5491428842044097,1.4221579721661988,-0.0001316862269378586,1.2367380983245344,-0.5297722396450908,40.07701622656594,12,Male,One year,Fiber optic,1
0.21904070123662556,-0.7439365335310031,3.284118201287884,1.3173675020851447,-1.3623377699712436,50.451776064891725,0,Male,One year,Fiber optic,0
0.3756507652501839,-1.285802645366163,0.04959182766158583,1.2157876057798385,-0.7090795420688402,46.73143260960137,0,Male,Two year,No,0
1.526644295772762,-0.30538123553650953,-0.940977261282717,1.127770606470265,-3.367273258326239,29.984111991738843,24,Female,One year,Fiber optic,1
0.0027135206965138714,-2.9834624217020913,-0.6221274803563891,-1.2918074521548382,-1.4869096154774386,52.66190824329274,0,Male,One year,Fiber optic,0
-0.2940728105510684,0.5848601710104555,0.13822523650184043,1.8944050182226713,-2.8898039100705173,20.484113550957982,24,Male,One year,Fiber optic,1
-1.0478126021800143,-0.16372895406355514,0.8468537431799008,0.9290245868593696,0.9405821779376936,37.55863427624918,0,Female,One year,Fiber optic,1
-3.0557437342967404,-0.9130054810212253,0.16325562629216542,-1.00372393165229,0.04278646238815103,23.619843180042174,24,Female,One year,DSL,0
-4.455683023649076,3.6265936703634125,-0.5142094443630262,-0.12328406323780672,6.7643792625227075,81.1205820504874,12,Male,Two year,Fiber optic,1
-3.0528820018852603,1.2214031081241679,-0.06439754062470791,-3.1432382881948135,0.6548648983342252,39.712800382477724,24,Female,One year,DSL,0
-1.7673359617278515,-1.2597003069903405,-1.1315053013521625,-2.0284327780779403,0.5568765698554738,34.65049825551006,12,Male,One year,DSL,0
2.132713442811321,2.9974281319953033,-0.20292395653422776,-1.7589804947922598,-1.2325796205546413,98.60470912870299,12,Female,Two year,Fiber optic,1
-0.4180944322202914,-2.049786207921729,0.31992786184477334,0.1035944959962306,-3.7921632689323617,64.27857136577778,36,Female,One year,Fiber optic,0
0.5536367034744034,0.3317800887580026,2.485313924533686,-0.34677870366335584,-1.4725786855235896,20.96313218500927,12,Male,One year,Fiber optic,1
-2.8637510983404146,-1.4695574446780868,1.321880992159802,0.9161166810439858,1.3403346643337852,79.2732778793008,36,Female,Two year,Fiber optic,1
1.823305341927592,1.947621206910184,-1.6048043108980627,-1.6857340761623174,-1.8097462124183255,54.10777462413262,0,Male,One year,Fiber optic,1
-0.11434504767145737,-0.6415647811562575,1.035916209432034,1.0541624929701032,0.8364891131068773,21.374381284789724,0,Male,Two year,Fiber optic,0
-0.7492730259523384,3.9539308254283387,-0.8857356006337547,2.773890815405137,-3.1216425589834698,65.37120222452089,36,Female,Month-to-month,DSL,1
-2.9997631288240942,-0.1059614680495653,1.2082747406521392,0.19812388388090585,-0.352790553562966,48.1260442755097,12,Female,One year,DSL,0
-0.7841042389196679,-0.6439825451778144,-0.24977261204038337,-2.0687993278577275,1.5042705719013636,90.16585637067372,12,Male,Month-to-month,DSL,0
-0.025420292678359324,-0.22489123458512594,2.1482392019576406,0.010232816753921181,-1.3325322943681432,24.115005406577062,24,Female,One year,Fiber optic,1
-2.1460604349464303,-0.053325230068597684,1.7750370211274655,1.3331247782429552,1.149918887068267,85.64394459508007,12,Male,Month-to-month,Fiber optic,0
-1.06966586668008,-1.4289284568988156,-0.7472218322204848,1.091869835558533,-1.284036148208175,48.50449012519819,0,Male,One year,Fiber optic,0
-2.2321746691849813,0.9080844461770535,-0.0971895438234364,1.22252943829181,1.137775408473437,29.700743881323483,0,Male,One year,Fiber optic,1
-0.36696265790661164,-2.238294187161456,0.3092783851266944,3.5286446317873517,-0.6681047235959248,24.283781491530668,0,Female,One year,Fiber optic,0
-1.0296916673409968,2.0673587934845328,-1.1218288004125843,-0.2931603418633406,1.445600420165189,75.68431690968455,24,Female,One year,Fiber optic,1
0.21352226349543568,0.8655122944986764,-1.1668227695340663,1.6959217990018112,-2.231214993317923,83.5166431949608,0,Female,One year,Fiber optic,1
0.23893287003647234,0.06338870202297009,-0.6543418710551034,1.8432463501695557,-1.6831502924286854,29.68737985527835,12,Male,One year,Fiber optic,1
-1.2818453852218878,-0.7685342028375101,0.701255639443369,-1.7544001883659104,-2.4389679462689267,33.33434322392409,48,Male,One year,Fiber optic,0
-1.2638754981601248,0.7523861500303085,0.5921029832024916,1.3681547306825967,-0.026680896268954632,26.026441588719777,0,Male,One year,Fiber optic,1
-1.8948510000069831,-0.02637557676005331,-0.8588442782989592,0.4736326725417168,0.4717546601296703,54.25752714693574,12,Female,One year,Fiber optic,0
0.5554969916519878,-1.9399013065358734,-0.8539202975207183,3.783494226561715,-1.5662560283650635,59.738358418418606,12,Male,One year,No,0
-0.9772144756461865,-0.5999515076015081,-0.8385806594815023,-2.0173769977819966,-1.342775593973214,22.434148746851946,48,Female,One year,Fiber optic,0
-2.291514225058437,-2.4225773538303628,-0.22056253440898943,-1.693024689631979,0.14149228946514814,46.49753052587443,12,Female,One year,DSL,0
-3.4050975586159873,0.024560234269759063,-0.4278342157178725,-1.194631875984113,0.29670484737937497,47.80100463042081,0,Male,Month-to-month,DSL,0
-0.9917384065478577,-2.3580336391760355,-0.07728523746629531,1.1631943797130988,0.11726982039845908,40.85994032124943,12,Male,One year,Fiber optic,0
-1.5333228246765387,0.6802189595556615,-1.3449866686084093,-0.06641770635622168,1.2812389136424809,27.819029472699825,12,Male,Two year,Fiber optic,1
-1.70382243116069,0.01929152480720231,0.09345849176635274,-0.07931105803591798,0.6477729495107025,29.40788325754817,0,Male,One year,Fiber optic,0
-1.0613650533230026,-1.9939420060425332,-0.5284509979003906,-0.8970402177743277,1.2390450237900439,50.89616433303263,12,Female,One year,Fiber optic,0
-1.6333418405326943,2.1862296507328747,1.9248383620798655,0.3534585920919532,2.7369158280914996,73.1612198907173,0,Male,One year,Fiber optic,1
-0.1406336838191372,-0.7855693731993946,0.6875507195924941,3.09083226885352,-0.5921232109211054,42.623794349153556,12,Female,One year,Fiber optic,0
-4.2231379652391645,3.766340236383195,1.1529341769747732,-0.420648691495475,5.0333916308273485,85.0871141695518,0,Female,Two year,Fiber optic,1
2.586975640720458,-0.20637746766546905,-0.0783866997293929,-1.3581595690458363,-3.1246240744162534,43.0606838561594,24,Male,One year,Fiber optic,1
-3.2357398898637615,-1.4370533162652073,-0.6594954368384278,-0.22017945987401588,1.4241542642594014,58.58170698812421,24,Male,One year,Fiber optic,0
-0.9726492221585619,-1.0328032027501288,-0.35067339365859646,-0.5726577395753194,1.476836432081324,42.11966508877958,0,Female,Month-to-month,Fiber optic,0
-3.9347233052881343,1.7602721742626626,1.2083232859472328,2.5983482300114353,2.500773565107577,52.88280230848652,12,Male,Two year,Fiber optic,1
-1.122660241581371,-1.5061502700073512,-0.2670037617670317,-0.14825729361023754,-0.4599968929303294,29.09451130618246,24,Male,One year,Fiber optic,0
-2.5012124083868637,1.1266367644669804,2.208046047543548,-1.555899198364139,2.2387653856532133,71.92133969268153,0,Male,Month-to-month,DSL,0
-1.3591249605692892,-2.6452729513914597,1.1932422751414316,2.2219496563566103,0.21100769608317857,38.65679727022927,0,Female,Two year,Fiber optic,0
-0.8829143311544934,2.054753257454803,0.6421210038765839,1.6263594163343953,-0.8645047649092067,43.51067500531536,12,Female,One year,Fiber optic,1
-0.541428966542953,-1.960670332240218,-0.04244852901175601,-0.8201390603817913,0.017814856872069174,49.91835681757577,12,Male,One year,Fiber optic,0
-0.6311866134768347,0.2955661502871436,-2.161055997349271,0.061708693981550544,-0.49701768224602066,28.15762720877228,12,Female,One year,Fiber optic,1
1.0604691839224487,-4.281725802058601,0.5425042296645154,-3.3852444058347446,0.5525549963711351,73.63121322233329,24,Male,One year,Fiber optic,0
-1.3209662912566047,-0.9948961791813908,2.679628693900003,1.2846653563890298,-1.5300722097873938,53.75248327325561,0,Female,One year,Fiber optic,0
1.2073529576520166,-1.0311316223224274,0.48574714745545966,1.9061619865754822,-2.580351665405294,63.06375893534959,0,Male,One year,Fiber optic,0
-1.537121819552342,-3.218788802341473,1.804410826698425,-0.8854026807789068,1.7394701442718832,28.355623137091236,0,Female,One year,Fiber optic,0
-0.16129776377996774,-1.8050334653461837,-0.32016950822072576,-1.9867954135556318,1.6596064324287143,71.38317053311546,0,Female,One year,Fiber optic,0
0.014816205125594228,-0.5799995944931942,0.20650562514583037,1.566594646253951,0.8332553230599791,25.389338029879937,12,Male,One year,Fiber optic,1
-1.8386156683240424,-1.858690678463189,0.8277752143719177,-1.7459212764219418,-0.10297770211804419,26.417014740970973,24,Male,One year,Fiber optic,0
0.7483500919922748,1.0080729565977053,-0.5883400573076859,-1.697458304020028,-1.0464269472019592,30.10568190472551,0,Male,One year,Fiber optic,1
2.838799558261895,1.3127408439487642,1.7097080286755184,-2.555064785417036,-2.6344632521925875,52.113663850132234,12,Male,One year,Fiber optic,1
-1.6789128191027913,3.320164966889454,0.721921252408372,1.821645393580277,0.6266073662966092,84.907980558535,0,Female,Month-to-month,DSL,0
-3.9117782667551735,1.195238484559768,0.07086499705513648,-0.19030008324720704,6.7183590364084,70.77263856051216,24,Male,One year,Fiber optic,1
-0.6448391577041213,-1.6304539763557933,0.4300891561717522,0.5644407495837336,-0.1229611057954565,34.59663777285979,0,Female,Month-to-month,Fiber optic,0
-2.602606547769241,-0.8503504495695944,-2.3775698299271024,1.6039648293282411,1.1534715648223834,66.00765142691824,24,Male,One year,Fiber optic,1
-0.7055208611772446,1.5350394130990241,0.2676962543586619,-0.7528963426988483,-1.7578412941109431,62.756618448665265,36,Male,One year,DSL,0
0.25636196633363406,1.1970784984413387,1.6737437539834246,1.154566085988079,-0.1984359513163132,37.49459592980913,0,Male,One year,Fiber optic,1
1.2587240778486355,-1.7813688452502765,1.423264921065661,4.472749702292648,-2.7160035351902545,68.57042687853796,12,Female,One year,Fiber optic,0
-0.49144572849585044,0.26982554094766964,1.3429563316312263,-0.7438785990513928,-0.1099632686167456,33.1118692920843,12,Female,One year,Fiber optic,1
-1.245621716646518,-0.3930384225341681,-0.09803107127978729,1.2280192007263806,-0.601000653527357,39.134869686794005,12,Female,One year,Fiber optic,1
-1.7030211069511223,0.24755802312787134,0.6012367881516733,-1.8278539183531883,-1.3637158904065174,45.72259215060555,12,Male,One year,DSL,0
0.22628623132846937,1.9848948105735125,-0.7372616763919608,-1.6191834815777233,0.9475784371133555,34.43763041737513,0,Male,Two year,Fiber optic,1
-4.112429288669626,3.447035679305747,0.06593110857890049,-1.086435051484894,7.311692986599022,92.07283447573532,0,Female,Two year,Fiber optic,1
-0.37953289692964276,0.32156771533843265,-0.34299422560223203,-2.0711865202429776,1.3156787113829862,71.0077026260171,24,Female,Two year,Fiber optic,1
1.0964092806763541,-2.1447924869183366,0.01920342096554723,-0.5433521427985972,-3.601830506850752,80.58987896124202,0,Female,Month-to-month,DSL,0
1.5602112104604888,1.0663585108458196,2.6478842135570875,0.9921122760904021,-2.196057206657367,41.76885883604202,24,Male,One year,Fiber optic,1
0.8127008403948603,-1.974349693743339,-2.8151236899058496,-0.8664016324222756,1.196877208073337,85.02164724748398,0,Female,Month-to-month,Fiber optic,0
-0.6854670392837532,1.77872904431884,-0.08214304557286504,0.9204777756997455,1.3831772966575917,67.2428303504793,0,Male,One year,Fiber optic,1
0.5071173738253996,2.149514285513386,0.5995786278137535,-0.29030484860598715,-0.754736803364111,74.54379419789458,0,Female,One year,Fiber optic,1
-0.4903872876830786,0.15732940952922192,0.669868037904822,0.4962589788035323,-0.49786535295368606,28.530426966446754,24,Female,One year,Fiber optic,1
-0.7322185878808398,-2.007862608100612,0.7004970631581632,-0.8508291095335296,1.2808253460323857,35.926662102877984,0,Female,One year,Fiber optic,0
-1.1535285640735062,1.0670355514810104,1.7967534654264914,-0.9516094301812561,0.37332189629172896,36.913735172762664,0,Male,Month-to-month,DSL,0
0.7824772490924166,1.3222201305047263,1.558628017070086,-0.7524159477510027,-1.69892787716543,56.897774450149264,0,Female,One year,Fiber optic,1
-0.5520216074463524,-3.7519753014848964,1.2150656055916387,-4.295583343783171,2.4760270733580625,60.4390151034883,24,Male,Two year,Fiber optic,0
-0.5093556536493147,2.4852742282860865,0.7200135318362517,-0.3350819611962461,2.855250334544396,81.35369990977614,0,Female,One year,Fiber optic,1
-0.7922187453212115,0.7919413839228088,1.9684512893602903,1.8032430131792232,-0.17551059816161407,42.10984233587425,0,Female,Two year,Fiber optic,1
-1.8369064579466312,0.8535567908188226,0.48114589076518677,1.082825809935879,1.2447924679162603,53.56845486678485,0,Male,One year,Fiber optic,1
0.5309527713032465,-0.23019494750237002,1.635007165731419,0.8478190059712573,-2.3182477583782735,48.5129294690995,12,Male,One year,Fiber optic,0
-1.1676646919480904,-1.2208736651099623,0.8958508801028059,0.33475961351721395,0.2988939776933089,35.03469090045174,0,Male,Month-to-month,Fiber optic,0
-0.9968950168202915,-1.0060057717341335,2.4719337724318575,1.336152992129743,-1.474390960627755,43.19763644142051,24,Female,One year,Fiber optic,1
-2.554499480128733,-4.908607884250488,-0.20108793560036814,-0.9629312677073194,4.034909244682338,45.21793963206497,0,Female,One year,Fiber optic,0
-1.8593402003306607,-1.4975815517416815,0.19192200503611323,-1.0527509854838975,2.4986853300537657,97.588065641512,12,Male,One year,Fiber optic,0
-0.5774386859014893,-0.6530458091047413,-0.9220243251771819,0.9381714338048799,0.47842103277063636,21.819554546303742,0,Female,One year,Fiber optic,1
-0.7149183769968708,-0.01115759176908071,-1.474778541238395,2.8216422973296114,-1.9922099256661454,52.1715818286328,12,Female,Month-to-month,DSL,0
-0.5524598543571855,-0.9907195842226152,-0.5196744782036353,1.1747151060695713,0.048045556786075555,45.135916590397365,0,Female,Two year,Fiber optic,0
-2.732968394421409,0.41323435631039884,-0.9750213849385142,0.09524555622645448,3.4346659977370777,51.22802669092193,0,Male,One year,Fiber optic,1
-2.157333176350887,0.7914662827149983,1.2904253246168624,-1.1778441757353773,-0.8186350332057265,46.81528801544954,0,Female,Month-to-month,DSL,0
0.8029078693797872,2.2997378442245875,-1.5132794691577722,-0.3533333153168714,-0.9051658891350526,77.35376172083562,0,Female,One year,Fiber optic,1
-0.45367614612060614,-1.929375344739538,-0.6880821265803181,-3.6305536715654387,-0.35610868897243664,30.38143828306492,24,Female,One year,Fiber optic,0
-2.6301367020618867,-1.4724097179061668,0.27820459602097986,-0.5229226905821983,1.6720116233566102,71.34617959297456,24,Male,One year,Fiber optic,0
0.2101881751809025,-1.0970345777367574,-0.9023171545945426,2.0686741889062077,-0.621946378591512,59.39651854876688,0,Female,Two year,Fiber optic,0
-2.7532530729459643,1.6955092595848082,-0.04462762306644215,-0.6740328638759541,5.189285891104475,66.76800908796962,0,Female,Two year,Fiber optic,1
0.6297809554029761,0.2936988103320163,-0.5439100535132576,-0.6014742532593628,-1.4982802017927312,27.441499427613756,12,Male,One year,Fiber optic,1
-0.04682385864089367,0.5085456579663549,1.3653287482758214,2.643291647712253,-2.4368995804592295,21.045642178986753,12,Female,One year,Fiber optic,1
-0.4621974220137721,0.24579435126135318,1.1012195807277088,-0.048138451555857054,0.34303137321411553,46.53139518290888,0,Female,Month-to-month,DSL,0
-1.9403061674940618,0.08820058943183029,0.8145354596953241,1.674158911793851,-0.5917760751961944,50.48796933440154,0,Female,Month-to-month,DSL,0
-1.9804452736147296,-0.45057819749183425,0.5541429265127487,-0.26793817395714803,-1.407744191178015,43.51758256503973,12,Female,One year,DSL,0
-1.9800214094182866,2.2672278846991882,-0.48401962319627845,1.2845113190252164,1.113160702894265,53.39361352306387,12,Male,One year,Fiber optic,1
-0.3318725782408408,-0.7671168442427856,0.0746280098168474,-0.6719506225944524,1.0129643278415292,51.649600318387186,0,Female,One year,Fiber optic,0
-1.631706315214387,-3.738908344093593,-0.7412553675094832,-1.478641880700086,0.3477263880784099,57.39177056611617,0,Male,One year,Fiber optic,0
-4.4952354591389945,1.146351694511223,0.41362637771433536,-0.10616771711052753,4.817437727236059,38.78732919133863,0,Male,Two year,Fiber optic,1
-1.208197465322023,-1.263866993472817,1.5591822904823514,0.10010015654666715,-0.9132970601747692,70.33174779927579,12,Female,Two year,Fiber optic,0
-0.8192128076631522,-2.8697763527154048,-0.4135312588093303,-0.33915839925121505,-1.1081904091140442,21.052602093958814,36,Female,Two year,Fiber optic,0
-0.6135907424473939,-0.17756526011018603,-0.7194723843379374,0.7844792431093347,-1.4585885675989938,33.33862574340477,12,Female,One year,Fiber optic,0
-0.10760337923527707,0.4489171005545405,-0.3145003933502,-0.27428099021482,0.8443579114224348,26.356218519050014,0,Male,Two year,Fiber optic,1
6.129950830001039,3.685641641475567,-0.5822670625087771,-5.32304130248442,-4.252658958986818,112.6045052149313,0,Female,One year,Fiber optic,1
-2.699755727764196,-0.42689406346807224,-0.9329484701730206,-2.0027491863066498,1.0019882123129575,28.828245207807175,0,Female,One year,DSL,0
0.007853895618755269,-0.6917648068046204,0.20785323813764608,0.0683037300463164,-0.9011728858542888,29.228785838690968,12,Female,Two year,Fiber optic,0
-0.3351818239759181,1.4045989934024048,-1.1245216796138953,0.5026485152738911,-1.2182243093379208,61.31780897422172,0,Male,One year,Fiber optic,1
-3.3617644323706855,0.4141741429995075,0.722495769442937,-0.054656436163765365,4.293692836583938,43.34411961411238,0,Female,Two year,Fiber optic,1
-0.3754907117201526,0.038562737388462276,-1.6110027678851675,1.6815903988542436,0.6194595036111784,34.85147728127715,12,Female,One year,Fiber optic,0
-0.8275337995490585,-3.1096782414275856,-1.1193908797459098,-2.3514503729599037,1.7389820164760068,54.23534682115658,12,Female,One year,Fiber optic,0
-1.139721434006292,1.2864642108824194,0.1211821519006783,1.0277083998624468,-0.1002435670381473,43.40261084854351,0,Female,One year,Fiber optic,1
0.24139620934738237,1.45130813690484,-0.622730581003748,-0.55314409787236,-0.4927755634931153,36.73194817670961,0,Female,One year,Fiber optic,1
-0.7692568116944402,-0.863221912528437,0.24618394429596727,-0.2617324711170955,1.2867240360351138,62.02414252150204,0,Female,Month-to-month,Fiber optic,0
0.5933123553234944,1.547304196033776,0.5985950914443922,-0.32440966740863597,-0.11189101081927429,51.344178832836924,12,Male,Two year,Fiber optic,1
0.4264130947061089,0.1943008447804757,-0.780043158149952,1.6663292969083106,-1.8193444248087978,20.270340197483154,12,Female,One year,Fiber optic,1
-1.3366678824851124,0.49841665386777323,0.11316001139278317,0.44451990419857956,1.062913977524149,28.125292341532706,0,Male,One year,Fiber optic,1
1.2362454818374538,-0.9652197257973505,-0.35990553718324825,-3.273172380818866,-0.45496740860936763,97.68256084703842,48,Female,One year,Fiber optic,1
-0.21849211823805625,-0.14773594830638248,-0.37305866766391554,1.7844103225424408,-0.5509767760026841,72.0889153579135,0,Female,Two year,Fiber optic,0
-0.2898105449775049,-1.811511630058758,-0.49620587574150743,2.4320371966357994,-3.3571967156361193,79.29285090032435,0,Male,One year,Fiber optic,0
1.8420816115506136,0.11335895676750685,0.3600164652382253,-2.552541124025764,-1.3321109375041214,41.27592568744252,36,Female,One year,Fiber optic,1
-1.551570815172097,-5.085528130482314,0.242462971722711,-1.4020755972515953,3.4616215407727537,24.98006701566861,24,Male,One year,Fiber optic,0
-3.665995941520001,2.936814391163752,-1.0237344452778183,-0.8441531290631028,6.12020223980529,73.17452487297119,0,Male,Two year,Fiber optic,1
0.11400461097699877,-1.356857566973906,-0.9960449401698923,-1.5227383149269311,0.4411471750823241,64.37601172426311,0,Male,Month-to-month,Fiber optic,0
-2.3054995270409258,1.7386254013132545,-0.04662476521466915,1.3520251902919165,2.4322534820794224,49.21231047076585,0,Male,One year,Fiber optic,1
-0.9123348711836585,-0.19056046647828717,-0.983103147144149,0.4301119264738176,-0.22486052512221924,38.84576275714915,12,Female,One year,Fiber optic,1
1.207751898186929,0.5012398656355391,-0.6673840543601282,-0.47908275989323,-2.2929192889025964,53.15463072000457,12,Male,One year,Fiber optic,1
4.112276728634717,0.3948689547753611,-0.8652090538522467,-3.1499546888299506,-4.280709039565612,33.04175384578398,24,Female,One year,Fiber optic,1
-2.269256182330203,2.816475080074672,-1.2125219470836786,-0.607591850535433,4.501517622237841,79.94566796271403,0,Male,Two year,Fiber optic,1
0.08473197904487684,-2.6569786897535597,1.1722749596080682,3.3439608547621096,-4.0883997210969785,81.09682928458834,0,Female,One year,Fiber optic,0
2.7255958302788246,3.000634926720506,-0.9081539486076704,-1.7593795925461717,-1.8824794066430668,78.85397402329752,0,Female,One year,Fiber optic,1
-1.3852108342309382,-0.6314319881085508,-0.7295729332203907,-0.2220084023511536,0.48596002075618855,41.07495512653415,12,Female,One year,Fiber optic,0
1.8479886691072904,-1.8730471211304405,-0.7175586392000529,1.3662565049926516,-3.5437697398166024,45.08128487530827,12,Female,One year,Fiber optic,1
3.9971710769182405,1.0628247658901508,0.6742483084247656,-4.643021865888136,-3.259286328627221,31.606403407071056,12,Male,Month-to-month,DSL,1
0.10602606231386114,-0.37499436729170255,0.5247925755013217,0.27357513422958,-1.2884488020727394,43.1911063989611,12,Female,One year,Fiber optic,0
-0.5526137913474087,0.9333147659732846,1.0570434191653657,-1.6312062758460404,-0.01593012392345697,57.674911018393374,24,Female,One year,Fiber optic,0
0.7975789966108908,-1.8805131681755705,-1.6539595596163144,-0.8301028155307313,0.1914225886234792,49.97900483654165,0,Male,One year,Fiber optic,0
1.8932587562117364,0.3434607033344719,1.799738291727098,-1.1784381349050495,-2.8882211500365336,72.87315841218714,12,Female,One year,Fiber optic,1
-1.770826285349365,3.912998551356641,-0.7203883588004716,0.25696707835334387,2.099038907232511,86.29210975403309,12,Female,One year,Fiber optic,1
-1.4185982652157325,-1.0876972566932863,0.8583732319721272,-0.4851068348890575,1.8325221394400322,31.348345903109617,12,Male,Two year,Fiber optic,0
-1.0035130841906528,-0.6273134474662654,0.9363373808293303,3.0704868244607573,-3.8663063216327394,36.1494982371091,24,Female,Month-to-month,Fiber optic,1
-0.1705740223127893,0.8562226645970038,0.017183850385528082,1.7776251298251178,-1.3871117085772213,47.93206525570704,12,Male,One year,Fiber optic,1
-0.3480311142831246,1.6482230257276362,-0.17436283641253425,0.8380530537872912,0.805731754149799,41.28302281168565,0,Female,One year,Fiber optic,1
-0.3244469841128701,-1.8924499338299299,1.0168308890128515,-1.545285806166573,-0.7823618309953548,39.37676798760663,24,Male,One year,Fiber optic,0
0.6555402467166833,-3.1754986519150306,-1.1485833152387388,-1.003176099933047,0.4180735031944184,81.61000944785174,12,Female,One year,Fiber optic,0
-1.5828336140368582,-4.82854881466806,1.5861141314213119,-2.7833162255770043,2.29832872528132,35.85995441337765,0,Male,One year,Fiber optic,0
0.22733643400995418,-1.4039593553520344,-0.056506124659208005,-2.4078994006086023,-0.45744192389008204,26.906114595982334,12,Female,One year,Fiber optic,0
-1.3940541001243112,0.2350516029763151,0.6397375066988947,0.8869612421499655,-0.8352963388774388,42.75309319294861,0,Male,One year,Fiber optic,1
-1.8691224907020163,-1.5636570120159288,1.520664172981186,-0.040442732550270644,1.3624047514835902,25.224234370727142,0,Female,One year,Fiber optic,0
-1.825861016745984,3.4623598418066175,0.10760343622295077,-0.2663282084431071,1.605599378086036,71.21346894597764,24,Female,Two year,Fiber optic,1
-0.6975823688282591,5.293378806520912,-0.14158441929433813,-0.35562235400849995,1.2947470953809361,93.84027918446492,36,Male,Two year,Fiber optic,1
-4.3232403672365205,1.4009429519199519,0.04482313193228473,0.1948003128202912,5.683562482006151,62.48046309939345,12,Male,One year,Fiber optic,1
0.7979557896073586,0.4170140803994947,-0.037008094073233626,-1.1111146576355,-1.4345991502592186,20.072122895551566,12,Female,One year,Fiber optic,1
0.40916181219864,-4.236156767398072,1.195941907435307,-3.6000279982618917,2.9454518657049125,102.9461380674308,12,Male,One year,Fiber optic,0
-4.469551819073814,1.056883097219503,-1.571489187576273,-0.8624713911330648,6.68819178288496,58.49817119161975,12,Female,Two year,Fiber optic,1
-1.7472946484323897,-1.9342238718129505,0.14601060977572683,-0.2325253080755958,1.481074623383789,26.587280940249983,24,Female,Two year,Fiber optic,0
-0.13980152412359037,-0.11140301481684323,-0.07790804633131841,-0.8450770022697074,0.252454514112906,42.07923456523942,24,Male,Two year,Fiber optic,1
-1.521155620499528,-0.09209879823214795,0.722776773932773,1.807162398817514,-0.9522899811645238,43.18204022463766,0,Male,One year,Fiber optic,1
-1.1135194666705954,-0.6111088009931125,0.14411636277968193,1.9002335708043825,-0.027325636615677606,33.5567398767902,0,Male,One year,Fiber optic,1
-2.01142746066685,0.3404208215452298,1.228572082061997,-1.4358729838164028,-0.09524751886832374,28.42534009743826,24,Male,One year,DSL,0
-1.5605195236580052,-3.2877025135965723,0.6819932992541455,3.7499928629691652,-1.7378886973831196,22.789141556442477,0,Male,Month-to-month,Fiber optic,0
-2.6750482903305395,2.3426609782485945,1.293989213291668,2.206903577173017,-2.362559951324583,37.817964919944984,12,Female,Month-to-month,DSL,0
4.0823767572598175,-0.1022589553232669,0.26151859672583017,-3.0235991568848077,-4.624221355647931,32.46732363642996,24,Female,One year,Fiber optic,1
-3.637726644783401,-2.079087425312468,0.527568116112033,-1.7323262098514882,2.898976352755042,46.948600636284596,12,Male,One year,DSL,0
2.7324493224877875,0.6344488193927975,-0.6298862375727151,-2.684209463358866,-2.417369338805067,21.988027694316433,24,Male,One year,Fiber optic,1
-1.4333934606921555,-0.39860081989303864,1.1030832782933673,0.017601434085531054,2.52611432625895,42.182990323014295,0,Female,One year,Fiber optic,1
-1.650335866466957,0.05310907582568636,0.9343117376707711,0.30768887547168733,0.9749526085417214,57.19736576837577,24,Female,One year,Fiber optic,1
-0.14325856880889765,-3.693612350064324,-0.40446228792410366,-3.957292945638151,2.423707967001483,51.91533515633023,0,Female,One year,Fiber optic,0
0.7020520391205756,-0.9482792523246677,-0.058607075782472,0.5076272468683014,-1.2722685899258348,36.92882894996844,12,Female,One year,Fiber optic,0
0.019188267519080204,0.2728383451461469,-1.4786735963102973,-0.17316178522027292,-0.29707771713488496,29.324092437448964,0,Female,One year,Fiber optic,0
-0.6494223570370391,-0.43440202341190925,0.47900262409198874,2.242331726983218,-1.722190206115046,66.20133358707008,0,Female,One year,Fiber optic,0
-0.5528890381465277,0.31782283333264394,0.17536524065533415,1.1475013493693385,0.5865904457344986,33.485582991086616,0,Male,One year,Fiber optic,1
-0.37237407273415235,-1.775974334336762,-0.14996629117086105,-3.3025373201774717,2.1888645934898268,78.37590301919596,24,Female,One year,Fiber optic,0
-0.30186788938461073,-0.9997084419138537,1.5401078237440315,1.4546252956165555,-0.4839859457455102,23.38641173139244,0,Male,One year,Fiber optic,0
0.07195020325489954,4.022515705677752,1.685064345333184,1.7768276237499294,-1.0334113404665852,99.07378710776622,24,Female,One year,Fiber optic,1
-0.010919216960132205,-1.5736947546296924,1.5092400198275007,2.2628768080596213,-5.102128115078089,102.82172592019765,12,Male,One year,Fiber optic,0
-1.1355077445474477,-0.9320555447752277,1.9435840873775632,0.6247470491007023,-0.3972323207780092,59.76600053490438,24,Male,One year,Fiber optic,1
-0.8154244577992908,-1.2900461614157297,-0.8446772632932499,1.2961896476444354,-1.8381781329297884,54.93268416506757,0,Male,One year,Fiber optic,0
-1.8729689766104185,1.216951713317494,0.8259522089259458,1.0568276936146932,2.4128284236562156,55.8466301966078,0,Male,One year,Fiber optic,1
-2.2795252890800493,1.6459844138747721,1.3741358241501094,-1.063561568396582,-0.6610847275898171,29.639010254117128,24,Female,One year,DSL,0
1.8024169879508352,1.038523169302278,-0.9724506376870051,-1.6506511116263278,-2.3397749677154605,43.95534055811589,0,Male,One year,Fiber optic,1
1.6279005490500813,-1.789954808488174,-1.135012098186069,-0.3089700358483698,-2.6072353969843927,27.33040136506752,12,Male,Month-to-month,Fiber optic,0
-0.3340160011533917,-2.6106627417894384,0.16601884787457225,-3.44270575002793,-1.1418580394206315,91.9784405452988,0,Male,One year,DSL,0
-2.516501464472425,1.7195511187633468,-0.28207705687634865,-1.244823538581854,-1.4314840800074895,42.83781959898094,24,Female,One year,DSL,0
-0.8262909489877361,-0.8626815410046065,0.34738984170855525,0.8682615541274292,-0.9246889905694937,39.11196932380392,24,Male,One year,Fiber optic,1
-0.6243595235384868,0.3952630309690699,1.0531214525238028,-0.3350246936651351,0.8294785096345746,26.692943661238072,0,Female,Two year,Fiber optic,0
-3.7494522864903415,1.1846694254865004,1.9757051012300741,0.14208586626921071,4.166452205168561,51.810850173243836,0,Female,One year,Fiber optic,1
-0.10600277636889965,-0.7941072269928235,-1.4330404046178542,2.632028632466169,0.33085763288234743,51.05896705770287,12,Male,One year,Fiber optic,0
-2.41373187151097,2.912896861708904,-1.8794669639461663,-0.18641068600134159,0.11914626655695387,45.552208879102736,12,Female,Month-to-month,DSL,0
0.03631172806300187,0.40297030913404475,1.3101948560543004,-0.41338790882474996,-0.6428897747201986,43.89865148146455,24,Male,One year,Fiber optic,1
0.01216835075428846,1.8103100789516842,0.13268461913307686,1.0759271784650681,-1.1750684558768438,31.549970296483075,12,Female,One year,Fiber optic,1
-2.223852035198402,-1.6035193965045793,0.5933365996313634,-1.1646261705253709,3.0331803068840015,50.73371303710573,0,Male,One year,Fiber optic,0
2.398026325425816,-0.15529458431408405,-0.8850286322627987,-1.7113413688483905,-2.308778713635236,24.41148399696391,36,Male,Two year,Fiber optic,1
-1.154329956264946,2.4001324678882074,0.474603923034761,1.7778938781059725,-0.8401588364721722,70.12195138259258,24,Male,One year,Fiber optic,1
-0.6384690758205049,-3.4966768431475623,1.4673759883276782,3.0125242588677152,1.2062674558687385,52.4069516514184,0,Female,One year,No,0
-1.211132369200447,-1.2398806561761255,1.3339356398879483,-1.4976420111634465,2.327631474777089,46.50298562341108,0,Female,One year,Fiber optic,0
-1.0074777910567136,0.13825560491409894,-0.5793053085790432,1.4057033475334524,-0.06282240133252795,23.959468607046933,0,Female,One year,Fiber optic,1
3.4177072285315697,3.2016179114360734,-0.1891803351589201,-3.256729806974042,-1.8771818935596691,83.26216934843256,0,Female,One year,Fiber optic,1
-0.1272376051456705,-0.7709381839082248,-1.1246556883329937,0.6167119282739311,-0.5156012079339973,25.15918077237748,0,Female,One year,Fiber optic,1
0.9451271867389681,-3.362760058004607,-1.0946920440273713,-1.8306795232315713,-0.3258172553357492,26.82843026156006,0,Male,One year,Fiber optic,0
-3.2142742847965766,-0.8339014512076868,1.12643371674603,-0.5284710925605995,-2.5811400728880556,45.518488811451135,36,Male,Month-to-month,DSL,0
-1.10954633637673,-0.9110611778085047,0.050913695535472876,1.7592427782507856,-1.1929443987564905,34.97110613798381,24,Male,One year,Fiber optic,1
-1.7711264929257653,2.580420591802987,-0.8842760363604178,-1.3093979096075254,5.176255568206729,86.3545463177409,0,Female,Two year,Fiber optic,1
-1.3004814880555005,0.8612629721464562,1.2803520208371357,0.8953826371282341,-0.16473065392720607,37.06305649108684,0,Male,One year,Fiber optic,1
-1.3670744608964496,-0.027647358124910815,-0.6046808501274109,-0.38242191530928615,0.7549239745570546,42.139853171322066,12,Female,One year,Fiber optic,1
-2.543466577079459,2.8266474485224755,-0.7299966715800764,-0.23440910205883214,3.802324554981019,74.85479698615663,0,Male,Two year,Fiber optic,1
-2.6816949221189614,1.013385029589283,0.00031861146506831427,-3.851071080972849,-0.41344663234609524,24.41176743859831,48,Female,One year,DSL,0
-1.5355049509809562,-0.18505919820540973,0.6104399993168492,0.4782896166418771,0.9426582780665217,66.25505522712976,0,Female,Month-to-month,DSL,0
-3.108151860492386,0.7815807688884829,-0.15249967830991934,2.796695938909966,0.6025258784188928,31.907219033434572,0,Female,One year,Fiber optic,1
-1.1051941633085605,-0.6081172960093666,1.5080828501440207,-2.46405286554916,-0.426370970982238,47.82758521795977,36,Male,One year,DSL,0
0.009684324552893031,0.37996252947408926,0.5667603811176578,0.0760262600146695,-0.9527469783403293,40.014871741774165,12,Male,One year,Fiber optic,1
2.6444418443963666,1.1632628118392565,-2.9118039447172657,-2.4378163780647037,-2.0114496163942186,31.86611504422191,12,Female,One year,Fiber optic,1
-0.45392251491400826,0.3109443033543734,0.737934926262155,1.16934348460682,0.3359203138898774,48.48808195151584,0,Female,One year,Fiber optic,1
-2.602030556909768,1.4616445768722128,1.0550545489425514,0.9792743676068856,-0.5126941572847582,77.40249649397045,36,Female,One year,DSL,0
-1.2372098012099784,-0.38909549685440004,1.4507994663087393,0.23610822831728928,-1.0078573232337897,32.81375461101139,0,Female,Month-to-month,DSL,0
-0.5766506625314358,-0.9677903416776674,0.5251446587882714,0.20337879257034808,-0.7781697842952311,29.475372306973494,0,Male,One year,Fiber optic,0
-0.38309031755228173,2.037512410467159,-1.0866361888852818,0.8755367567506858,-0.13817485087323803,42.622398324101844,12,Male,One year,Fiber optic,0
-1.440426339377265,-0.08360494634326066,-0.48495554487761494,0.4270627527778601,-0.06746997905773142,20.534613146940416,12,Female,One year,Fiber optic,1
1.0601458857338373,-2.5618640193969897,-1.654510394912746,3.0594905545192277,-3.3894347844063555,67.80112898315286,0,Male,One year,No,0
-0.6920333253052322,0.08012572756261216,-0.16291219337623528,-0.9862444006230897,0.2405499494195152,51.21895406914412,12,Female,One year,Fiber optic,1
-1.0280775126864428,1.491307449622445,0.883624548970972,2.1912831251460867,-0.8472182737841845,87.0253792807413,12,Female,One year,Fiber optic,1
0.036385051820796876,-0.24680688519752425,-1.0300950764894898,-0.28983752546471153,1.282225276933091,78.96396906460473,0,Male,Month-to-month,Fiber optic,0
1.9570483561178262,1.5642441096146338,-0.5371642623883199,-1.4675767375864126,-2.6032460160415147,55.76108800560216,0,Female,Month-to-month,DSL,1
-5.858537077442504,1.2212793191221696,-1.5404327171242964,-0.08463957161177915,7.329825900956997,53.06665490457236,12,Male,Two year,Fiber optic,1
-2.191758406936335,0.3822735227786165,-0.33477332470482757,-3.4249324373101917,2.7036993697210088,86.28880109826925,36,Female,One year,DSL,0
-0.972359683276367,-0.2703985057477869,-0.08826023013504129,0.5260837231893313,2.118719434122425,33.39902476303818,0,Female,One year,Fiber optic,1
0.5429573111915356,1.4576849774827356,-0.6936964924644043,2.7146738253259004,-5.056659301756633,24.856619759152146,36,Male,Month-to-month,Fiber optic,1
-1.120819259635144,-1.108252833500119,-1.1766981857709065,0.4182475116412083,-0.1839286447981838,56.41178862706518,36,Male,One year,Fiber optic,1
4.445876680453511,2.9152948189795076,-0.6438720111083528,-3.7441952813258075,-3.3600691893973753,97.39554093468213,0,Male,One year,Fiber optic,1
-1.09537274157279,2.00955504214072,-1.1353162812387732,0.8143616263594038,1.4900542633918925,72.31682296109241,0,Female,One year,Fiber optic,1
-0.8249751328427363,-1.0291924996022817,0.25051420375559713,0.6548508360595604,-2.6833418353577714,45.86483654080751,24,Female,One year,Fiber optic,0
0.7401247374523032,1.062108901787652,0.4086847622754085,2.231214655974296,-3.872761644086781,39.759902857919016,36,Female,Month-to-month,Fiber optic,1
-0.8681341817892176,-0.8092164644129101,-0.7808049515789934,0.8837361625000957,-0.6697309560280048,36.11544549949225,24,Female,One year,Fiber optic,1
1.5107342970095505,1.816671629994306,-0.5246687805653643,-3.244240804870518,0.2322818520142355,29.023226606315237,12,Male,Two year,Fiber optic,1
0.8074026768855366,-0.011169045870034866,0.8269460609427997,-1.1513736332005964,-1.9414561946458413,20.206583508544455,24,Male,One year,Fiber optic,1
0.3298491081892434,0.8095799596841831,-0.438408888036707,3.2286533730320683,-4.879212936305496,33.13775340784855,24,Female,Month-to-month,Fiber optic,1
-0.4436476103724196,1.6328738973621226,0.46426374323579306,0.3617520885161456,0.03078399521588649,47.458730430118216,0,Male,Two year,Fiber optic,1
-2.642350340770445,-0.6649620042387436,1.0560303715657138,-0.8963731076670984,0.156488848443033,47.21261446024408,0,Female,One year,DSL,0
-2.219159379474122,0.042473114271785684,-1.768263509501486,0.03898919523269795,3.5210640892019947,41.51155792469481,0,Male,One year,Fiber optic,1
1.2808935802761985,2.0023495145478813,0.2775246844762952,2.088714594071106,-2.0587546333234625,57.711057985978925,12,Female,One year,Fiber optic,1
-1.9095912977582066,0.14175624754237248,-0.5904407702032749,0.41311827310639937,2.406802364243365,33.92030620765866,0,Male,One year,Fiber optic,1
-2.38344880661334,1.8674512392251794,-1.2582963852509055,0.11873457776926633,2.9181638057096895,39.90439384592317,0,Female,Two year,Fiber optic,1
0.8835935806112791,-0.8355696987821521,0.8720901955337838,1.7260693879397175,-0.7372515155418313,47.50415278381667,0,Female,One year,Fiber optic,0
-3.15274888792582,1.1557996007985767,-1.0496741157567948,0.887139256119822,2.52541423093639,70.71105398738666,0,Female,One year,Fiber optic,1
-1.426781469442541,0.5940968534653011,1.1629895956773382,-2.134379366447745,-0.7700235004577156,31.007229709029676,12,Female,One year,DSL,0
-0.6257812796207072,0.6224300632726838,-1.8642698372564723,-1.1678489275628507,0.0672093411791479,62.2303863997649,24,Male,One year,DSL,0
-0.9134822834582141,-1.235519809748884,-0.16090493827659874,2.7465047957508277,1.2849527634270201,24.7542436278327,12,Female,One year,Fiber optic,0
-0.9453045369579242,-0.9918358081741159,1.5159451462942337,0.747572059905456,0.18322495181038592,20.618603888332615,0,Female,One year,Fiber optic,1
-2.325618524676665,-1.7977949395739827,-0.2434064747951195,2.077680320986892,0.0031704885139550534,43.860936837458794,0,Male,One year,Fiber optic,0
-0.7809747288504703,-2.760661559517529,-1.2486634247626274,2.273400056481051,2.206678692424206,43.339290506414976,0,Male,Two year,No,0
-3.464139387100672,-1.500520022513642,-1.3830178087444738,-0.9027634222469655,1.71626318086556,41.769692074976426,12,Female,One year,DSL,0
-2.411817430673544,-0.26328949041403815,0.5030892533366624,-1.2748430540124454,0.09780915599799699,26.43531006569379,24,Male,One year,DSL,0
0.10836047218478662,-1.1129213861708087,0.01775254617328601,1.9468269853410893,-3.2194069212344405,44.22595348772438,12,Female,One year,Fiber optic,1
0.020430759171962576,-1.8141132005521432,1.8142528277002747,0.7796633666305117,0.5557622757746714,31.42441023708662,12,Female,Two year,No,0
-0.0038188402671728294,-1.474650490363052,0.5339807974186639,1.7172675890536542,0.7531684496735663,36.06255031796631,0,Female,Two year,No,0
0.8141855445869346,-3.2160386630888094,-0.2899211530250153,-1.20940116624207,-0.037688936349403776,69.09021313567769,24,Female,One year,Fiber optic,0
-2.152932080613108,1.7929648934405398,-0.33005273524400075,1.5052805194386298,-1.2369037175663404,58.52719476622874,36,Male,One year,DSL,0
-1.2041349579669431,0.1800589179345492,0.5115555285220048,1.9789782070727986,-1.7481504313219343,33.21252248979461,12,Male,One year,Fiber optic,1
2.8092444150345406,2.518911340105963,-0.7828665102974913,-3.7486047886519285,-0.8660904147062588,47.63242349517921,0,Female,One year,Fiber optic,1
-0.7044139195155114,-1.8217791589112842,-2.0182341114311964,2.0213022049253255,-1.5107716897123642,22.94506893650899,0,Male,One year,Fiber optic,0
-3.064066923242451,0.19517794573251557,1.1600825123986132,-0.8613541450550872,-0.061543908867987586,33.770420164368396,12,Male,One year,DSL,0
-1.981387940198797,-1.2120394629904414,0.6289391096964736,-0.9723759221402117,0.676661213221111,43.84226105009583,12,Female,Month-to-month,DSL,0
-0.369868821671679,0.6806069970795801,0.28194887380905115,1.6076766234015902,0.6286075422142476,22.776832005795246,12,Male,One year,Fiber optic,0
-1.2451719337938978,-2.239772345589625,-2.3359306970550966,0.7608657616981704,-1.9288477192421891,41.982067882706154,24,Male,One year,Fiber optic,0
-0.8385989366766693,1.3644142167071607,-0.4901909062286882,1.9711689126229808,-0.9498866958132597,37.80279014930437,12,Male,One year,Fiber optic,1
-2.541517525656461,-0.41638323650672093,2.27409356914324,-0.5146462333266935,0.334771679231856,25.021429838608306,12,Male,One year,Fiber optic,0
1.8178791205952889,1.1674126203199537,0.0233851251561811,-2.3955428347809047,-1.6248705690966858,35.43632110666211,12,Male,One year,Fiber optic,1
-0.9066323420802643,-1.979344318647894,0.3594859397738579,0.5338632791646563,-0.12203411513685661,43.974435958801635,12,Male,One year,Fiber optic,0
-0.6944991622972787,-3.762962664326179,-0.8641720791739649,0.7264182780297019,2.0313595142717062,20.24933300693287,36,Male,Month-to-month,Fiber optic,0
-0.4220173772039484,1.0995004148585263,1.2148840301830344,0.6561689157982686,1.0681980139541216,42.96617214187869,0,Female,One year,Fiber optic,1
3.0311339364045966,2.661198681255175,0.9230872924501295,-2.262716395285984,-2.7897713550564367,78.11298643108421,0,Male,One year,Fiber optic,1
2.320298083034897,0.7633935260790504,0.4308460051697467,-1.9979122012516313,-2.2781126261226823,33.411587184410344,24,Male,One year,Fiber optic,1
1.539178355618974,-4.781653315696882,-0.43968200891844966,-2.6215498523365817,-1.7543223290890768,39.03791246486128,36,Male,One year,Fiber optic,0
2.908403459711688,1.0236418364059598,-0.6873544343582937,-1.6331582029144844,-3.7810672001208947,69.3229141558437,0,Male,One year,Fiber optic,1
-2.3392787542947806,-0.7845590512408358,0.809846061119427,0.35319931237058766,0.6049072111982804,42.17315762068601,12,Female,One year,Fiber optic,0
1.7522866952422285,1.9159713054329988,-1.2077748224243965,-2.4640585970782833,-0.9884074068019199,48.15166888357804,0,Male,One year,Fiber optic,1
-1.4242002807203953,-1.8749771297720375,-0.6525979093314883,-1.4346129368361775,-0.33083260929887903,20.486195305056594,24,Male,One year,Fiber optic,0
-0.5216401391044017,2.448634589096888,0.3763259576465752,1.201842360461578,-0.14705936744490639,56.13074514912191,12,Male,One year,Fiber optic,1
1.6204489538301319,1.0189794996936687,-0.4020493002747899,-1.5912332866400811,-2.227013920407448,33.21010946965323,0,Male,Month-to-month,DSL,1
1.3788931785381915,1.7789902065878942,-0.7465633522699111,-1.2207837666763441,-1.3404985662382567,61.68070634233846,0,Male,One year,Fiber optic,1
-1.9852408050398076,3.5382641858632855,-0.8039203442394212,0.7406430910329516,3.677061385732638,88.4056360823741,0,Male,One year,Fiber optic,1
-2.4790989968059574,1.0299048810156708,-0.10833388324458919,0.2811762174485818,3.793583258335463,64.95358180586365,0,Female,One year,Fiber optic,1
-2.7578987386669,-2.614324487014519,0.48923401355003554,0.5571531289645864,-0.11835063616757367,27.28884426374887,24,Male,Two year,Fiber optic,0
-0.008980792840531104,0.018868651533824554,1.2224021616505023,-1.7340935681168603,-0.6034131434907671,68.44151464381679,36,Male,One year,Fiber optic,0
1.790297192301685,1.8940128678568728,-2.358464142207465,-0.6021678722282695,-2.3109199403942053,71.88351688983438,0,Male,One year,Fiber optic,1
-0.23264136216941533,0.3318505023591367,0.238566126142076,0.9516997494401507,-3.3616075685028473,74.46016863906381,0,Male,One year,DSL,0
-0.7676609965498036,-5.573483988258152,-0.10613200761231605,-2.5452022182139253,2.32956667432637,72.22820146167452,12,Female,One year,Fiber optic,0
-1.436801452392491,0.07743687306086366,-1.6970961432894554,-2.080894677394979,2.6732461653911885,71.73959970920947,0,Male,One year,DSL,0
-0.8041133718866806,2.443391127527188,-0.9096321727447022,0.13744981289044345,0.8185215827872858,75.46950843593055,24,Male,One year,Fiber optic,1
-1.523203154562327,-0.7832266693092284,-2.3831121810859233,0.3331661568822033,-0.24288595951583267,22.608274581998984,0,Female,Month-to-month,DSL,0
-1.0234973824510576,-0.7135562364940853,0.9076118110467684,0.5029391142579022,1.635943724897211,21.505848840338324,0,Female,One year,Fiber optic,1
-3.5762920499508972,1.2058625158208436,0.9149553330102238,2.3490544163284404,2.9141739102597515,23.85003202519304,0,Male,Two year,Fiber optic,1
0.7714167734414177,-1.8170160189393747,1.8182787037428214,-0.25478889832398355,0.268686351159634,20.760101059928296,12,Male,Month-to-month,Fiber optic,0
-1.0153973138106374,1.1528185108773958,2.240612120174282,1.9477209519772103,0.028589854601705125,35.64995646122249,0,Female,One year,Fiber optic,1
-3.62780202896609,-1.4163216516588384,0.417459031363166,2.183027292992314,1.1194998852581874,68.42566734873797,24,Male,One year,Fiber optic,1
-0.6957176588855565,-0.05517045571806667,1.9380948993931397,0.6370468979174593,-0.7892849117588993,48.72730106164562,0,Female,One year,Fiber optic,0
-4.447073274995316,2.46987174479443,1.0833921435833522,-0.25717209445194245,6.947744843232112,90.89005592742194,12,Male,One year,Fiber optic,1
0.8249078632926969,3.920993280760099,0.9359731592656175,2.1602744202798156,-4.082105603510187,46.74551148909756,48,Male,One year,Fiber optic,1
2.108785474865827,1.7300338706081813,0.6994500906065418,-2.2531735883545645,-1.3903127149376215,47.6579466911319,0,Male,One year,Fiber optic,1
-3.2389264702441865,0.30175530541924256,-0.32805645067676004,-0.4136755256026212,5.461555711717846,48.113845889692996,12,Male,Two year,Fiber optic,1
1.3791595780582513,-0.0253331981366145,0.14699228428855557,-0.4200922427598601,-3.0327510096912382,29.37197824117692,24,Female,One year,Fiber optic,1
-1.6238289915357065,-1.8262008245229975,-0.3287248129662911,0.3570386047464359,1.2471178539806445,52.634375946359526,12,Female,One year,Fiber optic,0
-1.768645333227291,-0.3314013183283524,0.09912579247616002,-0.07246850510641356,-2.6273101708304907,52.368639428853385,24,Male,One year,DSL,0
0.27339978083943595,-1.037489031490302,0.965264384380448,0.9335573594633525,-0.9524331719231893,33.406646053764334,0,Male,One year,Fiber optic,0
-0.12411864602312805,1.47090375480211,1.209369178334763,1.346048449163065,-1.0000997096042277,74.67003115275,0,Female,Two year,Fiber optic,1
3.520411391683891,1.967043984012204,0.4396697222730237,-2.6587279958948686,-2.584913242762029,68.46747011160883,0,Male,One year,Fiber optic,1
0.786947835848572,0.2902175256898575,2.1103426520963775,-1.6251647256318935,-0.6686816959860737,42.611434247540885,24,Female,One year,Fiber optic,1
-1.9173194891557586,0.08267125131953956,-0.5394297937784186,-0.4403883387512373,-2.1532561998360182,48.0394156310653,24,Male,One year,DSL,0
1.4571227173048908,2.659468874349315,0.6961897158262457,0.49873473001814106,-2.168233247127125,120.72990340881935,12,Male,Two year,Fiber optic,1
-1.8011929171197616,-1.5576810295754622,-0.5844934327943987,-2.4720719035226146,2.4308670256500715,40.132599074170315,0,Female,One year,Fiber optic,0
0.1289739608258168,-0.18896212380842514,-0.12715602945673044,1.061209536922334,-1.8343850347283854,32.7599239325361,12,Male,One year,Fiber optic,1
-0.10949313632406521,-1.9933416652534315,-1.071194857868986,2.778757289289497,-2.6688065600663204,72.99409081870705,0,Male,One year,Fiber optic,0
-0.3470987013021595,-1.3270558543295459,-1.5256149300452442,2.441702399992532,-0.5718305330102652,44.111466253345824,0,Male,One year,Fiber optic,0
-1.8232338112487891,-1.8767601350917493,-1.757423370402755,2.1273530465700787,-0.35227175222539386,44.22090367917957,0,Male,One year,Fiber optic,1
-0.38648090583200245,-1.0741238698547846,-0.5468384551947827,-0.053907824833976825,-0.21958548463000357,49.0829085936585,12,Female,Two year,Fiber optic,0
-2.3848560166536723,0.019585824987442657,1.1600484289064086,0.9516063706175325,1.977467168402786,35.602950579305706,0,Male,One year,Fiber optic,1
-0.5343571315663945,-2.8286056713668586,-1.7962765667775356,-2.797259760272791,1.2884289104742377,50.538670549096054,24,Female,Two year,Fiber optic,0
-1.4756575738043332,3.0764211011023437,0.9574098452321899,-0.18796587354376326,3.433409240010402,86.62774907295925,0,Female,One year,Fiber optic,1
4.0519699411292995,3.7871253395980826,0.17871512433595294,-3.685800054114838,-1.9476229157765663,88.940839877518,0,Female,Two year,Fiber optic,1
-2.8534333661063944,-0.003994817269668216,1.8551185730353463,2.1304521207445815,0.29192713083320315,27.215387633258025,0,Male,One year,Fiber optic,1
0.04103738841555571,0.7023343877095126,1.3150480595242016,-1.1554672094795044,-0.4280789730385445,23.089632520883747,12,Female,One year,Fiber optic,1
-1.6746326263744085,0.07338584344749943,0.3312227598598763,-0.5346038799736292,2.6152408510283296,81.58186305005019,0,Male,Month-to-month,Fiber optic,0
-1.3485601311902038,0.7372687938937128,0.11054911955213079,0.8621598812000835,0.4449042444157541,28.394807955559703,0,Female,One year,Fiber optic,1
-1.3437933293860338,2.807094280488787,-0.3294411047248347,-0.531332711959559,3.5673149595370854,77.06340462658319,0,Female,Two year,Fiber optic,1
-1.7296972093795469,-1.4868561002654432,-0.7480718043216674,-1.5955974070845325,2.4259400655469454,36.77554164578535,0,Female,One year,Fiber optic,0
-0.6120692155803744,-0.400732439750875,1.0049302940678833,0.6817184276087331,0.042845106023467694,27.2957306449155,0,Female,One year,Fiber optic,0
1.5367891040788824,0.671070253456659,-1.2665388289449717,-2.112996077509056,-1.860050815609282,31.515081608666094,12,Male,One year,Fiber optic,1
-0.12575266441316257,-1.945836593054334,-0.148283137927403,2.8990445032009458,-4.901022534458623,66.20195935250393,24,Male,One year,Fiber optic,1
-1.1582347386440108,1.1419605443744114,-1.9795942758525282,-0.2200839486637991,0.986887128687099,23.401752951938484,0,Female,One year,Fiber optic,0
-1.1808314140030536,-0.7103797122443583,-0.34798954959558315,0.5471797236061007,-1.065834289610565,39.542672880296294,24,Female,One year,Fiber optic,1
-2.662098903146343,-0.7887437084117808,1.0033133128149014,1.3205987000420416,0.6113793032586619,63.60786448636376,12,Male,One year,Fiber optic,1
-2.6218287906726276,0.8537330413459325,-0.41987416228435775,-1.6397692517593416,1.1580008938574555,51.40766452397175,12,Female,Month-to-month,DSL,0
1.0302624123042943,-0.7267671994254408,0.2445980696492174,3.4053396901206057,-5.277580033057929,53.716568819303546,12,Male,Month-to-month,Fiber optic,1
-0.05581948617089927,-1.78714118866491,0.8498203653189064,1.317654739314216,-1.1564843285299875,33.35400247258773,0,Male,One year,Fiber optic,1
-2.6559963811156786,1.9013981406970415,1.5102866512731454,-1.6369091728989131,5.943927179116115,83.5291676867441,0,Female,Two year,Fiber optic,1
1.6739126701095772,-7.7099228760126275,1.124414149970889,-1.5834735806026927,1.9723160110694467,29.44725011293031,24,Male,One year,No,0
-2.6857843010056204,-0.4140406453674662,-1.0441871788640236,1.2251694717606485,1.7655784112993083,79.09810375422951,12,Male,One year,Fiber optic,0
-1.1948954440007493,3.2588308987106847,0.8793072927089763,0.833372475306934,-0.7008356157103355,58.193845645030336,36,Male,One year,Fiber optic,1
0.09029454556417538,1.0470350655187344,1.7075488893217605,-0.01840341144941693,-2.0077750978782496,54.89041758393124,0,Male,Month-to-month,DSL,1
2.8416956707334027,0.9076866259207171,1.6779658369686972,-3.560057087590746,-2.036252863729422,29.563923106987776,24,Male,One year,Fiber optic,1
-2.2773662906531804,0.565311858394725,0.12944664254744423,0.9019187005728462,1.2649447622472103,20.34593938696542,0,Female,One year,Fiber optic,1
-0.9195895622485846,0.37331947854881486,0.7996645153475748,0.6209391504944826,-0.11786257990259204,20.562602993076244,12,Female,Two year,Fiber optic,1
2.032420164983386,-1.8419014173769956,0.9191861536769533,2.9876389616171455,-6.561367125407839,62.576581140785656,24,Female,Month-to-month,Fiber optic,1
0.4356813550572598,-1.132771612384189,-0.35312018000244655,0.8512797985877592,0.9122441962007637,27.962382043168596,0,Male,Two year,No,0
-0.6148370950762763,-1.426839899536125,-2.4153632620785297,-0.6684482357912027,0.026505055957088325,35.718532761752954,0,Male,Month-to-month,Fiber optic,0
0.6282960359034861,-1.8850753894381072,0.15939319777622218,1.5598248360062439,-2.65333748764068,49.87026294675758,12,Male,One year,Fiber optic,0
-0.3330177140706666,0.12830505676139048,0.2745139874932834,1.0435685217735566,-1.045538811908734,20.42390481279039,12,Female,One year,Fiber optic,1
1.2881460046009172,2.7214786823176857,1.6857441919739613,1.1774942162719875,-2.5098052157873174,54.393512221779055,36,Male,One year,Fiber optic,1
-2.001711807505151,-0.8871887161213858,-0.21297865655021128,-2.4524475303768156,3.602574803745999,72.32428542357157,0,Female,One year,Fiber optic,0
-2.87753337626274,-1.0645328744757125,-1.0979263630670464,1.2791391183711256,2.9082209472384513,23.87198028220011,12,Male,One year,Fiber optic,1
0.6369876771743143,-0.7795795269235506,1.277876521041972,-0.5802336967563666,-2.2113794468086576,53.54093105880467,36,Female,Month-to-month,Fiber optic,1
-1.614750340083725,-1.5133664018490829,0.4367677511104973,-2.2127707714362925,1.767192084718156,69.12591365383125,12,Male,One year,Fiber optic,0
-0.9919798373350959,-0.682214880785879,-0.9204887877395782,2.0970603326796224,0.23104626143198773,29.56263382621334,0,Male,One year,Fiber optic,0
0.45101663953176674,-3.0813472312042287,-0.22836079265763917,1.9795760467691874,-3.144716219417508,55.89853130734499,24,Male,One year,Fiber optic,0
-0.7129855546402586,-0.9909108827194466,0.4708688593753808,-2.4529126653932165,1.1421974417160818,68.0756402053832,24,Male,One year,Fiber optic,0
-0.9198111497489866,0.2619784834240473,0.16495687540902468,-2.055813015592153,0.47057486488032496,35.073173554118455,0,Male,Month-to-month,DSL,0
0.9315118463553482,1.6889417740074066,2.6903150072886937,-0.8287067683431845,-0.9582182832549877,72.18474801331674,0,Female,Two year,Fiber optic,1
0.09357164432440279,-0.6034312562765072,-0.7001175918154133,-3.198128706089665,0.16687060854542424,55.6954811265964,24,Female,One year,DSL,0
-3.374320108936468,-1.9570090344053996,-1.3358268451505217,2.4052919323128377,2.688372129139006,22.519282114321552,24,Male,One year,Fiber optic,1
0.009051006624680946,0.44322799917621003,0.49260948681305233,1.5362217189285214,-1.6501448066813518,36.3985941287639,12,Male,One year,Fiber optic,1
0.39484238995413556,1.7680444840270568,0.5598117619307609,0.9450378624192718,-0.18305475446622918,68.32911045715394,12,Male,One year,Fiber optic,1
-1.4071798251940442,-0.1285307521304735,0.06609424629897591,0.35781982514894284,-0.17473368951551374,31.098747744051074,0,Male,One year,Fiber optic,0
-0.3198741277330186,1.1528322337359957,0.7184902973171294,-0.1460228573024146,-0.03699787807783095,53.618668877978294,0,Male,Two year,Fiber optic,1
2.2255534738012654,2.7582136116464806,-0.42098586801317606,-2.1462936117081766,-1.311501872203245,80.32957831722572,0,Male,Two year,Fiber optic,1
-0.4326381982670302,-1.592978344482953,0.9248262123767372,-2.678501565713269,1.014839763644046,42.64384341606093,0,Male,One year,DSL,0
-0.7690675033905785,-1.5318624730498847,1.4503402587590621,-2.207156848464865,1.4944556687647768,40.73776034773391,0,Female,One year,Fiber optic,0
-0.7745506848455919,0.369119254553095,0.6561162018602708,0.5952181817239768,-0.5264912169252921,53.59896717683192,0,Male,One year,Fiber optic,0
-2.6385130239588865,-1.4259772776584763,0.7860172908142086,-1.2973365495966758,0.1847833456359895,32.01599327589784,36,Female,Two year,Fiber optic,0
-0.0314041522923143,1.3683964504447397,-1.1098394892699073,1.7131439212530484,-1.836063307391385,25.20635113291293,12,Female,One year,Fiber optic,1
-1.1147535404371514,4.279806556317144,-0.6202642966676787,1.3135371824797943,0.027111528530543872,83.02980080203896,24,Male,One year,Fiber optic,1
-2.492238488726076,-0.5106063238638514,0.2819343032051621,-0.5695394911857876,0.8863281124387523,41.240056331483174,12,Male,One year,Fiber optic,0
-4.380214593373163,3.6502011760984217,0.790641583887672,-2.8373566404059285,9.940220664612854,104.22508121675537,12,Male,Two year,Fiber optic,1
-0.28670579115604755,1.0094534859264994,-0.037717949765591174,-1.3355965612371206,0.7729061272213624,37.98806852672328,12,Male,One year,Fiber optic,1
-1.4235293279027244,-0.04461163172236149,-0.959850302216295,0.6632424068826601,-0.061724422012289025,31.58959958676636,0,Female,Month-to-month,DSL,0
-1.6211711947356555,-0.3346785133647001,-0.23598009886694632,2.4927522927271544,-0.6303595636439934,23.592493082030508,12,Female,One year,Fiber optic,1
-1.362777558486909,-2.7483679339119442,0.03889451623624384,-0.9982003220073582,0.28223816247915673,84.5807593992078,24,Male,Month-to-month,DSL,0
0.21660101011817368,0.7896220684194019,-0.16421378404149434,2.2916190992283707,-4.078617149961216,33.91258138448025,24,Female,One year,Fiber optic,1
3.73624552914969,1.8510601144190137,-0.7185427067790403,-2.4707870763530986,-3.8606731114057293,71.5320315895842,0,Male,One year,Fiber optic,1
0.0029451116181640202,1.8503856374014815,-0.5603531560598431,-0.23253254174146565,-0.46463104845639,62.419317081795434,0,Female,One year,Fiber optic,1
-2.5308720248605283,-0.20964417060103857,0.006984916255938687,-0.30428321670857206,1.2352721381368528,25.20598731735251,0,Female,One year,Fiber optic,0
-1.9325409639885414,0.37408185801758975,2.1572158874477374,0.5861832353418863,-0.019615605031266792,40.78099132658852,0,Male,One year,Fiber optic,0
-1.1099182425204284,-1.086914676941277,-0.18998142349707814,1.6055102728787163,-1.5540290572133282,31.683103825366004,12,Male,One year,Fiber optic,1
1.4063957440822983,-2.2996294544930187,1.446822840111534,-1.4316226329313992,0.30161250288177743,66.50725018554715,12,Male,One year,Fiber optic,0
-0.503803640405375,-2.0406580222250588,0.7986482071911434,-2.0478170271383536,1.5946543011256744,99.65154968985992,24,Male,One year,Fiber optic,0
-2.347017327336421,-1.4389590804474608,-3.250333476195706,-0.6202178063158059,1.667051616298415,29.59710712653967,0,Male,One year,DSL,0
-0.7162718253174625,-3.000757022919567,0.6209333956139913,-1.1010599692844312,1.0464623167172098,70.50071978582835,24,Male,One year,Fiber optic,0
-1.6823596909889829,0.8116240884845338,0.49243733915416665,-1.3403168405064965,1.6052264823884432,82.88065065853601,12,Male,Month-to-month,DSL,0
-1.9081239326576211,1.2999586384602717,-1.312840273092726,0.8233387722951346,1.2493277544318198,27.638815176044986,0,Female,One year,Fiber optic,1
-1.771756070276943,-0.0506299230996301,0.8438287744856245,2.090992744986625,-0.651747556500211,27.603648691816925,0,Female,One year,Fiber optic,1
-2.4626383597492003,0.3419753754449426,1.3446851732306149,-1.541762295039213,0.9755373624532983,40.550434571315186,24,Male,One year,DSL,0
-2.618114058624963,-0.26291138977772865,-0.8397974073487009,0.33330636611228015,4.040798404045162,42.616734400065695,12,Female,One year,Fiber optic,1
3.5018785402480566,1.7678803832750785,0.12150300981893442,-2.898044813915253,-2.784616690822778,44.838822443359106,12,Female,One year,Fiber optic,1
-0.17179385473987263,-1.074494130013699,0.3147625614551637,1.080013234171708,-1.1357349658568838,41.32500135304744,0,Female,One year,Fiber optic,0
0.5063507754360728,-3.5509977051620845,0.48731316305331607,-3.7078050052122746,0.3804675967231115,20.463896788885293,0,Male,One year,Fiber optic,0
-0.9529626571532043,-2.634200064135608,-1.1689809102124997,1.523082722829293,-0.770447663988091,34.75037220478035,12,Female,Two year,Fiber optic,0
-1.0819026890409966,1.184352489116669,-0.8539289145713574,1.6767968698351217,-1.3840846720419373,23.085630431498146,0,Male,Month-to-month,DSL,0
-2.517949551231306,-0.11226918403862196,-0.7785870468117115,-0.1495952203747808,1.2272368865269105,32.783164204534756,0,Male,One year,Fiber optic,0
-1.4666332977309962,-0.652835914751634,0.6957457924726428,1.721252698234165,-0.6697679563521163,32.87699773909592,0,Male,One year,Fiber optic,1
-2.3179988221530907,2.290414942463872,0.4526240299801209,0.12116584296676391,-0.47285162533885805,40.48923354651795,0,Male,Month-to-month,DSL,0
-0.9465842062719403,-0.5654705705996577,-1.0701584635068604,0.6597459109795032,-3.303885041690701,58.05657890632715,12,Male,Month-to-month,DSL,0
0.2787721361435611,-1.1895806053123426,0.20792969196167435,-2.008897493120394,0.7807831600368613,83.15533308082856,24,Male,One year,Fiber optic,0
2.7137910256088578,0.7103976639375422,0.7670626894897021,-1.4220057437382905,-3.570087163118826,52.157117720567136,12,Male,One year,Fiber optic,1
-0.6427198182137039,-1.1717925099653965,-1.450163167036702,1.2418952759736992,-0.2838190712099404,31.189280624604955,0,Female,One year,Fiber optic,0
-0.42994120043405837,-2.109612979538648,1.6399566818286606,1.1503524959018585,-1.5469629705023233,41.71481514784191,12,Female,Two year,Fiber optic,0
-0.8234191760471093,-3.2154261980517655,-0.5076927701800915,-0.28589283199461457,0.9470230663861577,39.51110529148495,24,Female,Month-to-month,Fiber optic,0
1.2904782533623695,2.5505657292269834,1.6828883889478317,-1.5857675517656107,-0.8862029529308494,81.41912138846487,0,Female,One year,Fiber optic,1
-1.0201160959799318,-1.426390637855428,1.044386051876579,1.9267728069950367,-2.260013188753741,30.508597758348728,24,Male,One year,Fiber optic,1
1.468650797966495,0.12352374560620705,-0.054254602864147856,-1.039961069392945,-1.656247020360363,80.21367744617498,36,Female,Month-to-month,Fiber optic,0
-2.928174868254835,1.1874548668724718,0.3447749725922945,1.4502275487484635,1.748322322784039,22.04970918753524,0,Female,One year,Fiber optic,1
-0.4900779561497386,-0.24944009129277833,0.6802871657177568,-0.23786588253349217,0.5086078555094512,33.29772140732342,0,Female,Month-to-month,Fiber optic,0
-2.156519427507872,-1.8761687466430694,0.7356807637597335,-2.484783308217974,1.282924373873919,22.484772085171308,12,Female,One year,DSL,0
-0.05101715964846776,-2.4139062461419742,0.32683220948352026,-0.06969042756926547,-0.24477266822364271,34.25402957699684,12,Male,Month-to-month,Fiber optic,0
-1.187952452388096,1.0561218039460125,-1.0895134082734554,-1.0102293812657588,-0.9972732433518834,65.89169814373739,12,Female,One year,Fiber optic,0
4.2435893390777615,2.7214982110446053,-0.3987017824831894,-3.299179219939175,-3.5556966594479817,101.1510301028391,0,Male,One year,Fiber optic,1
0.383202462776012,-1.721946104958897,1.6759187876093766,0.8498731306791659,-1.27495306972803,48.84159174180374,12,Male,Two year,No,0
0.15297283779973436,1.1716104950707795,0.9092873966936939,-1.1891085594892103,0.3606467665309826,32.704566772087006,12,Male,One year,Fiber optic,1
-0.6327520012874823,0.5172320744380333,0.6496048651128858,0.5597369341017469,-0.31782477870896914,30.63459962083175,0,Female,One year,Fiber optic,1
-1.9055968323665753,0.8386777419171301,-0.4617450413461271,-2.004309806984693,-0.9508815088967062,54.52944433165385,24,Female,One year,DSL,0
-1.991780790271763,-0.41947325584088224,1.0560416064585545,-0.7562422910237094,6.287163885223653,46.397822302650965,24,Female,Two year,Fiber optic,1
-4.021113599010287,0.6474550773091485,-0.7787395153691529,0.9069532444160311,4.876025113248368,50.03640037557155,12,Female,One year,Fiber optic,1
0.2885748131609789,0.6415953712039,0.757056001819417,1.517488853118383,0.6258830663936557,44.84416768493247,12,Male,Two year,Fiber optic,0
-1.3813076229500167,-0.6193346072356702,0.0005393626288786419,-0.8093236795477075,0.33595676336897373,26.131112696514936,24,Male,One year,Fiber optic,0
2.1565997187862873,-0.24714224224907877,1.2729102172474238,-1.9394455191761863,-2.99689793771724,27.43880900006944,24,Female,One year,Fiber optic,1
-2.3058019239734815,1.4684818570571294,0.012814304566494936,0.794488562243864,-0.2582392902888611,30.787326623878364,0,Female,One year,DSL,0
-0.2477700457940758,-3.5704467962723103,-0.6567103997764666,2.393585657250577,-1.1986572181399617,31.705238487030044,12,Female,One year,Fiber optic,0
-0.28290992965918715,2.128393692231517,0.4489427181929976,-0.5889892345011147,-1.9200912710474332,67.98259697903148,0,Male,One year,DSL,0
0.5428497735169886,-0.9632674541149528,-1.6130168135769691,1.6808519574581136,-2.8187474409688438,31.788708768589732,12,Male,One year,Fiber optic,1
-0.5152559096572422,1.2170542047975983,-1.4043164166961695,1.6489419752926764,0.3115206333914144,40.53380669318847,0,Female,One year,Fiber optic,1
-1.272355025608348,-0.19958799561450302,-0.5754902130961214,-0.34843692583068975,-0.502339659790816,45.67012518288351,12,Female,Month-to-month,DSL,0
-1.8632632008220913,-0.17051838202162006,-0.5996495114509319,0.5785363185873285,-1.243339119788612,46.50960261733096,0,Male,One year,DSL,0
-2.267422902166457,0.04567262178407061,-1.2652120359981966,-0.8916964494811412,-1.8258681843571123,35.96418311661833,24,Male,Month-to-month,DSL,0
0.9939326407437159,0.6377528876271754,0.5512833327755874,0.903204110776084,-2.0931998820460493,20.70522699946806,24,Female,One year,Fiber optic,1
-1.1678526340643978,0.3699097454848237,1.1420545923522467,2.672120052738379,-2.482031714191551,31.651586632239706,12,Female,One year,Fiber optic,1
-0.4981207343036892,0.5247610067919473,1.770957553347745,1.6963634630138373,0.0025963227052004244,47.772813037524685,0,Male,One year,Fiber optic,1
-0.11122935615333274,-0.8044546288600166,-0.12173725378362549,3.2363914205790265,-1.4962951165415515,71.74107542435637,12,Female,One year,Fiber optic,0
-1.1146229705157902,1.9263017225564387,0.4644876055772338,1.6912331345785918,-0.20945692257735923,33.40462256243778,0,Female,One year,Fiber optic,1
0.7756623906080111,-2.5502505955864763,0.09686603247587562,-1.1242086275171679,0.749565064740979,30.290005185107695,0,Male,One year,Fiber optic,0
-0.6512528483641427,0.5570674131933648,-1.5534561336632653,-0.3299386988506421,-0.9774149995639261,28.851674821795104,0,Male,Month-to-month,DSL,1
-0.2661015204256678,-1.6316391068853906,-0.7028328129354411,2.4479725685196465,-3.467042821280467,36.23755360467291,12,Female,One year,Fiber optic,1
0.18019082216735205,2.8920974753614415,0.005457844281313952,-0.5116735459063626,-0.04952102259093846,64.5035732667249,12,Female,One year,Fiber optic,1
0.4731039819747622,-0.6071267798509694,1.0295669238227512,3.5647599180944023,-0.6986030975492348,36.722193245451635,24,Female,Month-to-month,Fiber optic,0
-2.391512915298983,0.3152341386146277,0.6546884930081446,-0.07336786241474069,4.731498442465668,53.7808292727979,12,Male,One year,Fiber optic,1
-2.998683987055828,0.5618379957918709,0.701882252059294,-2.19362038654678,1.908401174438666,46.75342974528536,24,Male,One year,DSL,0
-0.5255512673230107,0.3163611134904514,-0.3412312210234211,-0.28458272058161727,0.00180766597264935,39.42213549929852,24,Female,One year,Fiber optic,1
0.8575611275923731,-3.562383820918392,0.04342340881641101,-0.7287776602874394,-0.29051565258084644,60.618296349263616,12,Female,One year,Fiber optic,0
1.7998372042132362,-2.5835533438228047,-1.3275074905374307,3.6421967115611245,-1.1498668594879389,44.019869153636435,0,Female,Two year,No,0
-1.886237346647369,0.17969500924221216,-0.2913320061249465,0.7613042611010907,0.860237448671866,29.04105622875987,0,Male,One year,Fiber optic,1
-0.9963124884941834,0.37318328280950475,-0.8709232698700103,1.1331768598246654,-0.40177102191166214,37.91946636072895,12,Female,One year,Fiber optic,1
0.1450372964125768,-1.4398553904705405,0.4591613159785581,1.766594412173359,-0.8348666971206763,39.12566544692265,0,Female,One year,Fiber optic,0
-0.8272084576225363,-0.18736370317277373,1.0759341227007992,1.3495346200434843,-0.7436334997497163,20.584391056935452,12,Male,One year,Fiber optic,1
-1.1403044628331056,-2.634819317639252,1.0286987158898995,-1.592783004049244,-1.9126459611649504,68.81361234763546,24,Female,One year,Fiber optic,0
2.578876980708951,0.43437121284172175,0.030848667053507126,1.6982622145301463,-5.218676962964952,24.344490758357164,36,Male,One year,Fiber optic,1
1.4522678044615462,-0.11557708434691172,-0.6345213234339414,0.5106802694969611,-0.6864616036867629,31.42784587975921,0,Male,One year,Fiber optic,1
-1.1132982226812929,-1.437462401977334,-0.7472173084867436,-1.527669992365035,0.9699809939202275,50.608347881945974,0,Female,Month-to-month,DSL,0
0.33070229242832017,0.5172995162564402,-0.8519712450499742,-1.1484429013579467,-0.49094581726549985,49.375346581399825,24,Male,One year,Fiber optic,1
-2.323996455903618,1.441193384900485,-0.9437054314300761,1.2405145745675767,2.3410507298163425,77.60656052421872,0,Female,Month-to-month,DSL,0
-0.9978100583100312,-2.4243589652704474,1.1828949388779253,-0.8087704638586487,0.31384552302932134,31.795921916786444,0,Female,One year,Fiber optic,0
1.6401399098467704,0.5970331571796277,0.28722034517527945,-1.3292705731239332,-1.6573085232041145,22.64057813454613,24,Female,One year,Fiber optic,1
-4.128997727824014,0.5234111141346152,0.79668416009162,1.3273859660428848,-0.24065084360794514,59.294906914434435,0,Male,Month-to-month,DSL,0
4.057433825091357,2.5063536596617166,-0.5850631713965992,-2.9062170897792403,-2.9730103202590628,76.23507687333965,0,Male,One year,Fiber optic,1
-0.47780941961706636,1.011318524384587,-0.1512990397697074,-0.12895979906486643,-0.01612833149699978,33.17268591142253,0,Male,One year,Fiber optic,1
-3.010463117204455,-1.262534733554436,0.4945224920487726,-0.3525694285292018,-1.1281248542988598,25.729627175288392,36,Female,One year,DSL,0
0.07018074772202976,-1.5504048372809551,-0.8984904867728449,2.82975383459475,-3.915366868496231,75.89100705935797,12,Female,One year,Fiber optic,1
-0.1703819144267542,-2.160917667590897,-2.3690243115812515,2.4439401904368614,-0.8223356783853887,38.89581241183724,0,Female,One year,Fiber optic,0
-1.6663731203011103,-3.3628717251204603,-0.21556794341894983,1.1475406487847486,-1.9659702736326032,35.63468326828023,36,Male,One year,Fiber optic,0
0.2112816015925545,-1.5122738402803177,-0.22878434391938154,1.9557154059367576,-1.6800743011509356,41.316971684719405,0,Male,One year,Fiber optic,0
-0.9449382103756502,-3.123756447913956,0.19737260543966045,1.350366485828223,-2.0618586985281437,36.1835496834213,24,Male,One year,Fiber optic,0
1.4142085176191213,-0.24112464216337792,-0.13721170304420047,-1.293348315222558,-2.7826693841374515,27.171945491743354,12,Male,Month-to-month,DSL,1
2.5696407160570445,0.7606866846598197,2.307688227735451,-2.137204381920764,-2.904462370135628,51.42721018101816,12,Female,One year,Fiber optic,1
4.144770833782307,0.5550618063180424,-1.7710568023371822,-3.575654015801031,-3.829511890982292,26.730031658019673,24,Female,One year,Fiber optic,1
-0.7401613516654504,-1.1482108126617272,1.1433042743300137,-2.0371940148406638,-0.007580819165400968,26.53092279415033,0,Male,Month-to-month,DSL,0
0.33512047322724947,-3.4159017644831726,1.7679286668395335,-0.06870364638152882,-0.5502269970596567,30.758910006246083,0,Male,One year,Fiber optic,0
-1.7396342714145052,-1.8926440381406235,-0.8648961124284227,2.405822211502569,1.234742204868014,31.937461172789916,0,Male,One year,Fiber optic,0
3.552632250014283,3.0574948457144835,0.5769204106842927,-1.8720492489810836,-3.4047384716646967,120.20708803095513,0,Female,One year,Fiber optic,1
-2.578365196494472,1.472349284560019,-0.66778239428829,-1.6843256712846828,2.360422035787126,49.30143284158096,0,Female,Month-to-month,DSL,0
-2.4310194107593603,-0.061446893047980566,0.8221108472828129,0.9090502288380993,1.7115021259572714,52.36915260784058,12,Male,Two year,Fiber optic,1
1.477359641890717,1.186453964698986,-0.7689599126747924,2.3485097852968124,-5.606884000589381,28.999736437320138,36,Male,One year,Fiber optic,1
0.1288652546064979,2.1656109121009495,-0.09955068318496844,1.5792952112504213,-1.6764381157608401,117.39356545488255,24,Female,One year,Fiber optic,1
-0.13717407314626573,2.847629239976995,-0.15034836628626724,0.8522240611766123,-1.2458427173556823,50.25746632207559,24,Female,One year,Fiber optic,1
-0.044755556199136515,-2.271021462534451,0.31912084186854134,-1.9705650125791392,0.2854618511030157,58.732166800293534,12,Male,One year,Fiber optic,0
-2.0136567000721297,-2.019482620411977,-2.3559189249323222,2.8324859274135736,1.6008121654955343,31.190139719999507,0,Female,One year,Fiber optic,0
0.460784442940706,-3.6923112986183435,-0.023617979418456326,3.689855264962577,-2.7458681958440327,66.92968984560203,0,Male,Two year,No,0
-0.33619885320446463,0.15456295380697171,1.3709627601292933,2.8894605405585887,-3.504751608758287,23.33160999959169,24,Female,Month-to-month,Fiber optic,1
-0.8791486755919731,-2.156882515958153,1.1041751565436755,-1.4103388862880895,-0.5953119385563819,25.832088456377104,12,Female,One year,Fiber optic,0
-1.4793611283794326,0.7166688509182213,-1.416990139680991,1.9416828447228152,-0.8502315100685641,33.781671890924564,12,Male,One year,Fiber optic,1
-2.869786730600484,1.172634290144968,0.5201764216002716,-0.1395754256293552,1.5849059536285344,83.35538338711785,24,Female,One year,DSL,0
0.8521106944815564,1.0086049171975158,1.1568039489134727,0.33317751015864716,-1.8594705290195694,64.58092944517644,0,Male,Two year,Fiber optic,1
-0.7049656208628478,1.6897365255012597,-0.5012379575000783,1.2911753477365155,-2.8962825381329527,26.27168732277878,24,Male,Month-to-month,DSL,0
2.763968686739857,1.9023457646265782,-0.6855545714835052,-2.0192223734985775,-2.864099741332585,82.15832958593424,0,Female,One year,Fiber optic,1
-0.46190205947034935,-1.5235458759100466,0.8742401692332417,-1.2523055389631184,1.3343395365121575,69.8821021689014,0,Female,Month-to-month,Fiber optic,0
-0.36233275047467595,1.4112394099832448,0.2463479529484988,-1.4055108393568645,-1.9634693922738384,40.825330982080295,36,Female,One year,DSL,0
0.9323313873217123,-0.8246493928049694,-1.1714831299709862,2.0710138550346,-1.1790549745788468,49.19663206490297,0,Female,Month-to-month,Fiber optic,0
-1.366031338594974,0.9263179576387037,0.5902703110753222,-3.282476386190836,2.4381070843938337,81.65379666647614,12,Female,One year,DSL,0
-0.4272261386482382,-0.9691325005110423,-0.6291996069703238,1.4040717123619135,-2.1904530457664344,70.18838835067572,0,Female,One year,Fiber optic,0
3.027238924823245,2.491403920627766,-1.3803529354131852,-2.660938333969585,-2.436278309328046,64.70420552705725,0,Male,One year,Fiber optic,1
-0.534452348276065,-0.8105271323230845,-1.4317296965247417,-1.1076342967000625,1.3627029802806156,82.28677617180651,12,Male,One year,Fiber optic,0
-0.7526622863700596,-1.5491497231857179,0.05202065043961975,1.2668353469596922,-1.191929195250099,34.44703520036401,12,Male,One year,Fiber optic,0
0.46915890322538,0.05716864253637777,0.14328667188202532,-1.3792412615489382,-1.0849875474241133,49.27784542537614,24,Female,One year,Fiber optic,0
-1.0608528873133334,-0.49800175591606,0.067470025257223,-0.5176655602065516,-1.6634506546363672,58.120334237344636,0,Male,Month-to-month,DSL,0
-0.30473387490211135,0.05434510209402954,-1.3283517915128675,-0.5273298350271769,0.19581456132659542,71.28372156493722,12,Male,Month-to-month,Fiber optic,0
1.1269015030593388,-2.38153862893314,-0.8155917712191499,2.952935201719294,-2.4233237105331433,57.15849720509062,0,Female,One year,No,0
-2.856001151026402,-0.1733534149275392,0.9173666494778481,0.20129468585971688,1.3832058884807916,26.663618492347464,0,Female,One year,DSL,0
-1.3976169790767323,-1.192456691149229,-1.5285879822636668,0.025244756839604587,2.072655135975272,39.62762466986566,12,Male,Two year,Fiber optic,0
0.3394776169872227,1.4027046712982996,1.3458750031777167,-1.692267317061355,1.1385830519460787,29.68164978742216,12,Male,Two year,Fiber optic,1
-0.0996659058249969,3.743812739563117,-2.8562754133411574,2.287825313213519,-2.912773301797477,60.51511402547064,36,Female,One year,Fiber optic,1
0.1693369395232016,-1.7004027332843799,1.5583499601419777,2.890644999686063,-0.04067203279978423,47.87502173861674,12,Male,Two year,No,0
-0.8413446623953695,-0.006107042343742597,0.5620922620826175,0.23099490514842924,-0.42646923407663423,38.19514731543166,12,Male,One year,Fiber optic,1
-2.5787972621061632,-2.7643921901882846,0.8762125793216632,-1.7858679176905774,2.0536131140324674,30.503057952053936,0,Male,One year,DSL,0
-0.6642066320888111,-1.5697452530046743,1.8657273559684568,-0.23356013949213172,0.48757045512002767,35.045165808434284,12,Female,Month-to-month,DSL,0
1.5307954542896798,2.4354231471055368,0.2862733367774424,-1.1003458056811746,-1.2353719980554227,76.3562616130333,0,Female,One year,Fiber optic,1
-0.8248331367543216,1.5449965267577568,-0.31818071752668287,0.3801763277223912,0.3029232609750975,48.93579874296228,12,Female,One year,Fiber optic,1
-1.7001205876694534,0.5104071255947575,-0.21268973430511875,0.08501558116120833,-0.7182261961924321,38.02974010546415,0,Female,One year,DSL,0
-0.9121081644778584,-1.6953497205861154,0.5080877144207865,-0.1509956136100603,-1.2302930329456254,45.295586404077255,24,Female,Two year,Fiber optic,0
-0.764067767372362,2.962717975225745,-0.7387152655423863,0.9115151148366514,0.13246692299497415,86.76051355988145,24,Female,One year,Fiber optic,1
-0.41926708810230395,0.9333927210366652,-0.9680497955496958,1.0632551693305112,-0.5418716664895429,45.554075182565555,12,Female,One year,Fiber optic,1
1.1378693623902436,1.9092583850357694,-2.679984485964469,-1.6801942356109776,-0.22716882164317242,38.17310353745047,12,Female,Two year,Fiber optic,1
1.2449416357852043,1.02002593743831,-0.14124182106853178,0.6596442968204945,-2.972169707004764,79.31092002804365,0,Female,One year,Fiber optic,1
-1.4777927470739458,-0.6115685508604323,0.7183315431942462,2.0794300821667506,-1.206658949200216,31.667422096481104,12,Female,One year,Fiber optic,1
1.5969109783300643,0.2594037858273155,-0.07229265971448583,0.12849402384529607,-4.13806119838574,82.2358067176198,0,Female,Month-to-month,Fiber optic,1
-1.791836641972748,-1.9628939085175792,-0.41509133672532883,2.2774204688917443,-0.0272196926582367,22.189181097368767,0,Male,One year,Fiber optic,0
0.06384781553448526,-2.7354167191447107,-1.745969032474982,0.29565916675268533,-1.508840679790114,44.86749026479454,0,Female,One year,Fiber optic,0
-1.239798646044157,1.2774567303313304,-0.34001979062345705,0.5029157189599718,1.2536689760440156,51.589597278858534,12,Female,One year,Fiber optic,1
-2.1527611760265573,1.3007360467143303,0.5962997854612124,0.708425813422253,-2.8556134494563725,56.55543510032057,24,Female,One year,DSL,0
-0.2823132386722833,-2.9075927176642606,-0.2552061344396246,-1.5320478580715378,1.1650552015467988,43.81092331903919,0,Male,One year,Fiber optic,0
-1.685808555298712,2.0425550203653584,-1.5485830336213924,0.9315845049250933,1.057015584033871,53.73713384370433,12,Male,One year,Fiber optic,1
0.6953212331358734,-0.00403204075807162,-0.862306936163681,0.10421756896477397,-1.67675435495826,30.867557019680124,24,Female,One year,Fiber optic,1
1.9779076696210787,2.8453764514604236,-0.4735233815541974,-2.0281006275818148,-0.22101069388925884,50.89062610499491,0,Female,Two year,Fiber optic,1
1.4708584096497548,-4.534607523340171,0.27008441134776406,3.8665864019433824,0.031220763363965544,28.374760609165005,0,Male,Two year,No,0
-1.024641727697146,0.6396657687166509,-0.3657807453020064,-0.9084187267999222,1.4159643236507853,24.02487768217588,0,Female,Two year,Fiber optic,0
-0.32920890107003653,-3.4631609149627094,0.7733998160676115,-1.1659916674406499,0.8546468087664782,53.33021564291926,12,Female,One year,Fiber optic,0
-0.8118578969080156,-0.46820924886639026,-2.16116210357171,-0.3703620886242238,-0.18856891876136098,22.1722098970657,12,Male,One year,Fiber optic,0
1.734983308532367,-3.9416408225757418,-0.5374063789038138,-1.702681652901163,0.812046883078841,73.50581663231503,0,Male,One year,Fiber optic,0
-3.885730683945963,0.9111815155976486,-0.6132538146500716,-0.8586530579180665,0.2941882896132195,23.540698570124377,12,Female,Month-to-month,DSL,0
0.039335535684867695,1.7514825050845433,0.6252895125420684,0.6138880656740469,0.5022462664005939,59.28014263340529,12,Male,One year,Fiber optic,1
-2.998280185582045,-1.4887470386818116,-0.9112800569029585,1.5508749953229746,0.3249243714472765,68.11226617526046,24,Female,One year,Fiber optic,1
-3.649279276129804,2.070621105479696,0.2061353796226038,-0.2955969398267295,1.7142653872589244,58.00745051155723,0,Female,Month-to-month,DSL,0
-2.637616667241942,-1.7630147621354704,0.6495813316461732,0.6643745856195168,-1.4557090123493794,30.537848818182898,24,Female,One year,DSL,0
0.96598831943374,-2.769847778920428,0.43800525851872685,1.0065336763189134,1.5984251927802098,102.54164749093606,0,Male,One year,Fiber optic,0
3.3452371818796003,0.4397511516539925,-1.1757344466669615,2.4694229919395214,-6.781845243105899,36.49627792760251,36,Female,One year,Fiber optic,1
-1.2399290742958091,1.7182382360231259,-1.9550861139181497,-0.5048978236408286,-1.0798104456703381,86.46720381035512,48,Female,Month-to-month,DSL,0
-0.6949493539186035,-1.290729942932149,-0.36833271003917634,-0.08862009930941228,-0.6096627391115762,34.044640288912106,12,Female,One year,Fiber optic,1
-2.773261281201349,-1.7394448983304365,-0.6651402992844123,-0.2580351569325914,4.2193206265750005,20.13516873545017,12,Male,Two year,Fiber optic,1
-1.426928928439348,0.481593500148604,-1.9300868693234323,0.9627945054077166,1.9106556856377146,41.364578763262074,0,Male,One year,Fiber optic,1
-2.5490281644626784,2.1285098335126347,-1.3838590189958457,-1.6353031772084419,1.04290192925812,31.974606930197652,12,Female,One year,DSL,0
-1.4139236255530023,-1.7804511089030224,-0.90429518665159,1.7071865681678566,-3.8916538750130893,41.72734944444422,24,Male,Month-to-month,DSL,0
1.0975680964517063,1.8152765538971827,1.3413300695496801,-0.8243020600395553,-1.934475136963614,81.0102691689575,12,Male,One year,DSL,1
0.30298794470063317,-2.583993132192428,-0.19992992311841679,-2.772181104265689,0.6164321106032696,39.68704882015257,0,Male,Month-to-month,Fiber optic,0
-1.6370901203277064,-0.6050372864629003,0.9706336726114432,-2.56471673507221,1.592287919464961,35.30152489392968,0,Female,One year,DSL,0
-2.9304750582271577,-1.5664720941564183,0.9392028516620472,1.0423114078939695,0.01608366897006681,21.03936410562518,12,Female,One year,Fiber optic,0
-1.4474094018653763,-0.5084053678117694,1.1629025725441393,-0.12139639220096354,0.6252022299797066,43.811402705589536,0,Female,One year,Fiber optic,0
-1.0062121135480726,1.174957063600887,-0.7691452798066177,2.5053399140088835,-3.1481568868484264,21.56876222541579,24,Female,One year,Fiber optic,1
-2.5123919683056917,4.032852788327217,-2.875773427628275,-0.2518680118382399,3.644694577750392,80.00716811324378,12,Female,Two year,Fiber optic,1
1.4116534277458277,1.2852988183564145,-0.22393942431327402,-1.718191238285498,-1.550532657880409,48.17456715150625,0,Female,One year,Fiber optic,1
0.4942281418933332,-3.7731963775569257,-1.738397578521786,-2.120304001919676,1.6666985700579775,95.95151992943119,12,Female,One year,Fiber optic,0
-1.7075793898624654,-0.6924496247393541,1.0275527136751572,1.8828982542817436,-0.5587762147117004,51.83971342356997,0,Female,One year,Fiber optic,0
-0.10829263208631223,-5.062103524753869,-0.6838602033464366,-3.4160472892296903,2.133418860781145,26.857195475486478,12,Female,One year,Fiber optic,0
-1.7897413903526993,-0.07672104096683163,-0.15723639202855216,1.6723321565745364,-0.669586118836708,33.13536813090508,0,Female,Month-to-month,Fiber optic,0
-1.65976141908907,3.7999669207872393,-1.2551490672051577,-0.9041540929862033,4.236502424051385,99.98958619428088,12,Female,Two year,Fiber optic,1
-2.2346865898446664,-0.803273423082983,-0.09259939526839295,2.9804230442076425,0.1454222780076719,42.52748155396165,24,Female,Two year,Fiber optic,1
2.1634821030734734,1.8901449020481722,0.16968509085775127,-2.5015285002565957,-1.5215897224524957,54.41303349534071,0,Male,One year,Fiber optic,1
0.4038181255904352,-0.1502258915398833,-2.335953618801436,-0.7716477350743883,-2.0162826842616304,39.45246274319595,24,Female,One year,Fiber optic,0
-0.6764943356206268,-2.0163261414585256,0.030948088267830184,-1.796372377736584,1.0208444019860148,43.45725746521239,12,Female,One year,Fiber optic,0
-3.248499666394686,0.01448175242683547,0.5040938319439419,-2.5106153832990015,1.6946053454109724,41.37188713877389,24,Male,One year,DSL,0
-1.961572841770821,0.8653353777664303,2.105856344363327,1.228105701507642,1.2813281543699444,45.173004135243225,0,Male,Two year,Fiber optic,1
-3.180458822590808,-0.25693993490468003,0.5996436407250353,-3.067775085335767,1.6576567564033677,40.720621870480876,24,Male,One year,DSL,0
0.5730987660729998,-0.41307986633236493,1.5336228457329233,2.6177338770477867,-6.8623673672351195,56.258327617759456,48,Male,One year,Fiber optic,1
-0.6715111399877358,-0.07918675468014202,1.2235796597592736,-1.433788953662377,0.3899209631866142,63.15171400163298,12,Male,Month-to-month,DSL,0
-0.890631941587073,-1.305230632747309,-0.6984737582131462,-1.5829923642397645,0.09250391070073237,20.81003769246542,0,Female,One year,Fiber optic,0
2.263301876635133,0.5391779244656218,1.0214581040153765,-2.233363109677707,-2.170949174709908,22.854459546429158,24,Male,One year,Fiber optic,1
-1.0445938191764281,1.5353331358291977,0.6683332296061608,1.0114716094996161,-0.6584602506872774,36.47247796815983,24,Female,One year,Fiber optic,1
-0.4480893279628432,0.34610420848607293,-0.3149604124547449,1.68596235740648,-0.8222589871964442,30.7803908828161,0,Female,One year,Fiber optic,1
-2.4806716173941146,-1.6347876390997493,-1.671972471792552,-0.7596972291838859,0.17520929319494183,35.00571136229503,36,Female,One year,Fiber optic,0
-0.2533486653282361,-1.553984603342904,-0.8935809679780109,3.4221171721821584,-3.5034389919573976,111.36615851500983,0,Male,One year,Fiber optic,0
0.7434209651912225,0.277464937817977,0.10080387045977413,2.313316443179241,-1.4401827402033296,35.1923832883665,0,Male,One year,Fiber optic,1
-2.4946858379523564,2.071648037407776,-0.2812936526695694,1.4311642765142165,1.1827749167961146,58.01150251742331,12,Female,One year,Fiber optic,1
-1.6458924020436003,-3.7094319138241767,-0.61959998010369,-2.186411542047947,2.6451616815826444,27.8116467579496,0,Female,One year,Fiber optic,0
-0.28526563456268716,2.1362647136639215,0.2632654875753966,0.6330369471849819,1.299408673268229,63.75344276869321,0,Female,One year,Fiber optic,1
-1.0635684630972735,2.449990160367576,-1.0707543763385026,1.4632924364958129,-3.737827509505553,72.21807242514456,0,Male,Month-to-month,DSL,0
-1.4084073312266505,-0.7618967607711548,0.5569478823405032,-1.8441789875418915,1.066185827732571,66.01161291970548,24,Female,One year,Fiber optic,0
0.17608916747466818,-0.25219162052885347,-0.29343140231331255,0.7802386576096452,-1.801777344886724,26.274197797729194,12,Female,One year,Fiber optic,1
-0.2019169517732864,-0.006132164185077449,-0.7031564622558137,-0.01985119031754179,-1.3793956691938392,85.91393455159829,12,Female,Two year,Fiber optic,0
-1.2985418454489057,1.5114961675733207,-0.7883092647749634,1.4211683817910865,0.2611055306899816,73.60080309052408,0,Female,Two year,Fiber optic,1
-0.4897227491448244,1.3624132292592743,-1.6950177929753076,-0.4638593378035152,0.5106297776060199,30.32762825998468,12,Male,One year,Fiber optic,1
-0.9449191948453243,-1.380880845736332,-2.273172202546832,1.9443066351477953,0.2505983180314907,32.036180891684424,0,Male,One year,Fiber optic,0
-0.757758260376615,0.6867423217185813,0.40921257860654675,1.593094702740308,-1.2550685059077895,46.97294451456784,0,Female,Month-to-month,Fiber optic,0
-1.1738090432787265,-0.9223021886287587,-0.2799661328065288,-2.377541477370099,0.4626275289201056,61.464245498356206,24,Male,One year,DSL,0
-1.0689428335425992,-0.09427580800474034,0.46446746972355973,-1.2547979765952482,-1.9655007012343615,47.97780526395279,36,Male,One year,Fiber optic,0
1.5825189111051694,2.1719154251014023,0.04302448501512677,-0.3411332193554313,-1.617067172187993,84.52357101924338,0,Male,Two year,Fiber optic,1
-3.1057838477162814,0.7258667573825568,0.31138993769642714,-0.39810826925746157,1.4188044775546802,38.60529560708785,0,Male,One year,DSL,1
-2.8490297445728645,1.966047189400053,-3.635200227540102,0.44821429082318087,2.6966052462651904,43.93338583121164,0,Male,One year,Fiber optic,1
-1.4580525967490228,4.149415175899755,-0.287584147592097,-0.6210053070139394,3.2648091920385953,88.0822509880068,12,Female,Two year,Fiber optic,1
-0.14491388967503593,-0.40443234698125674,1.7497665058808303,0.3019001872330892,0.622779891029584,39.12045365344796,0,Female,One year,Fiber optic,1
0.27482606483806515,-1.239290229276324,1.5262159587962787,3.523071387849088,-2.6057916857862544,86.28015019155305,12,Male,One year,Fiber optic,0
-2.6083497607930966,1.4942780772376025,0.9221734565070863,-0.548117068058865,-0.980527012489713,20.461848027133485,24,Female,One year,DSL,0
-3.4520643933890285,1.1804254489499992,1.1818282939420393,-1.162630773676931,6.621508602089832,66.88268605082732,12,Female,Two year,Fiber optic,1
-2.854574384587397,-0.33721205563417445,0.9979543221425496,-1.163567861998697,1.972150657932248,74.33999988282156,12,Female,One year,DSL,0
-3.1414587649798027,-0.7395362399852867,1.2354837695030692,0.5656050415476419,0.3704486332858271,28.946874548225097,12,Male,One year,DSL,0
-0.10382900975047216,1.3438490664607028,0.2876820436757222,1.473866416749353,-1.869043748328953,100.54709634473305,12,Male,One year,Fiber optic,1
5.515926552755745,2.025472862882383,0.4795105629413033,-5.0124252113963195,-4.365231924666219,77.44586366146535,0,Male,One year,Fiber optic,1
-1.863931512609665,-0.4873597309936062,-0.4172653653223936,-1.0032055683262655,0.0201509207294259,32.877488213627274,24,Female,One year,Fiber optic,0
-0.6113341261952621,-1.6020346261368306,1.2368718935182248,2.9766018330056863,1.881288093343684,25.627531170039227,12,Female,Two year,No,0
-0.76266405074086,0.4032574347356268,-0.5219555654758967,-0.104158048662637,0.14170735914851468,24.593178915406476,12,Female,One year,Fiber optic,1
1.0762498850110052,2.7166733489868227,-0.11135440238551125,-0.6204442644019419,-1.0322040045029734,93.8519680315974,0,Female,Two year,Fiber optic,1
0.9134652682706936,-2.2320124358166824,1.3011298521785726,-2.291142772676122,0.983165632335501,104.52543641733925,36,Female,One year,Fiber optic,0
-1.0771673235397203,-2.018881325360209,-0.4507844930934654,-2.829556348477777,2.0985603260066976,75.00121255667477,12,Male,One year,Fiber optic,0
-1.7055542644595838,-0.22094225333471484,1.295148544195343,2.0709203015373547,-0.5353043105125533,35.641920917446996,0,Male,Month-to-month,DSL,0
0.7306650431434054,0.4796735572715891,-0.14342321645892908,-0.1967051240852128,-2.942307936376457,22.103743763198935,12,Female,Month-to-month,DSL,0
-2.382791616061753,0.8958327244999723,-1.2055823510237553,1.3633701429754999,1.1471755082267208,49.00893025628487,0,Female,One year,Fiber optic,1
-2.0747581375040993,0.15673149395656083,-0.2870822031150092,1.5392696990106578,0.2264104307057806,29.08693124340074,0,Female,One year,Fiber optic,1
-1.6427087470392423,-0.5640856832742982,-0.8853264322180604,1.2206726388081148,-0.7557869797738157,42.13893419802264,0,Female,One year,Fiber optic,0
0.8822196441302754,1.5793685218362463,1.6720417730423207,-1.7743971170383959,-0.2910882121804283,31.027046930903115,12,Male,Two year,Fiber optic,1
0.5062892183677208,-2.4779177850902823,-0.18140603471719,-0.9006537618735169,-0.945973158622274,47.097283812464156,24,Male,One year,Fiber optic,0
-0.5778032188151402,-0.5133502275018456,0.1936700183481687,2.6075327548527945,-2.3058103698545573,55.09063166715687,0,Male,Month-to-month,Fiber optic,0
0.40213570879454696,-2.2156672063469722,-0.8319711080785314,-1.238814136293519,-0.12914490918268387,59.6614970943612,24,Male,One year,Fiber optic,0
-0.21930830860853445,2.144039879753565,-0.298983997371841,0.5886268382734474,0.3031070665301694,58.5828657824087,12,Male,One year,Fiber optic,1
-0.025670058333118417,0.4452943526216304,0.6067300025201063,-2.004632101890861,1.2027503653368847,70.14489059869828,0,Female,Month-to-month,DSL,0
0.20284098164073228,-0.6602548893571918,-0.9680129645892809,-1.564418817214782,-1.0465837983081878,80.58256043823687,36,Male,Month-to-month,DSL,1
-2.7827745200057032,1.8945316106747596,-0.7734149266150159,0.5465741716357864,2.4385220200109132,42.900031497974524,0,Male,One year,Fiber optic,1
0.66930595951115,1.2542724998749593,-1.862863586451236,0.9084295674365443,-1.9402431986321031,92.9845760445716,0,Female,Two year,Fiber optic,1
-0.32694360529132793,-0.8046572283000708,0.6538926102710242,1.0480920341519968,-3.1501365457048722,48.21779134385291,12,Female,Month-to-month,Fiber optic,0
-2.7824997357043344,2.7029353628700523,0.5488785155203335,1.0789902228808708,1.7307319036936128,75.72122341485493,12,Female,One year,Fiber optic,1
-1.5409672749249483,-0.9975073636285274,-0.4834781349943769,2.5835562576868214,0.03155122890503575,22.550211200373347,12,Female,Month-to-month,Fiber optic,0
-2.9957583085731434,0.6163133472835574,-0.3869848388781598,1.0347018563359485,2.718131828550698,33.403455681968396,0,Male,One year,Fiber optic,1
-1.028781850987507,-1.0732137193324633,-1.6521023316929349,0.2623612118740546,-0.22521810692692493,49.13576491109221,0,Female,One year,Fiber optic,0
-0.21511332855380116,0.4822437994598623,2.3984492855880695,0.4214254294261973,0.004604940584155451,32.31625144231906,0,Male,One year,Fiber optic,0
-0.04331804606545053,-2.5520713166088953,0.5514365381755453,-1.453678976456973,1.1194300166375906,44.87059404274691,0,Male,One year,Fiber optic,0
2.825460469773497,1.965108748800448,-0.5753373680430791,-1.9833385090870579,-2.9934480749046655,75.58290128707156,0,Male,One year,Fiber optic,1
-1.8401707071063407,0.5944606606453422,-1.6282540477151743,-0.6698613593309992,-0.593591386203141,26.59916401652864,12,Female,One year,DSL,0
-3.9078134299559713,2.3912625253257556,0.1436308339881977,0.8205309481754188,5.157745245266839,98.73460115277855,0,Female,One year,Fiber optic,1
0.7189799827628458,2.939347580368127,-0.13716491087411672,2.539896032050517,-3.808690311328332,49.30565569279714,36,Male,One year,Fiber optic,1
1.69333913508066,1.920858286521252,0.2820005425545109,-2.2206730819223224,-0.9575661015468859,55.298910306813596,0,Male,Two year,Fiber optic,1
0.9293717421076302,-3.6616757571650465,0.24959247607438337,-1.6070288300473858,1.0511224461986948,71.93515107462618,0,Female,One year,Fiber optic,0
1.6530265445056738,1.7538435708941291,1.7813997166008577,-1.6232285988245212,-0.7631614851029053,54.98353158866682,0,Male,Two year,Fiber optic,1
-0.5037109764677155,-1.1098179848958947,0.193798713767092,-1.4625059780987204,-1.0353624564910795,34.486271587080275,36,Male,Two year,Fiber optic,0
-2.723445012766101,1.032194911269006,0.40440815407141717,0.322639415933472,4.16441408547303,59.12650431544341,0,Female,One year,Fiber optic,1
1.1684848331084554,-2.4626951605656426,0.20431988398831982,-1.836580000068558,-0.7481449888056909,33.30780451738691,12,Female,One year,Fiber optic,0
-1.0512542875741226,1.5781012533778211,-1.0702554400144162,0.36250087967801703,1.0632897722408174,52.54720606211605,12,Male,One year,Fiber optic,1
-1.4990901813028956,0.20955465482154345,-0.15272994498015613,0.10921376991588094,0.8749194684720304,28.21093018939583,0,Male,One year,Fiber optic,0
-1.7628567264356896,-0.06426120516604583,1.4754541310422942,-0.6546635820055211,-0.6323357472533068,32.193730628589186,12,Female,One year,DSL,0
-1.34920058788017,-2.524685275995749,-0.7159672231839423,2.265331701438385,-1.2589373310231418,43.36607895358281,12,Male,One year,Fiber optic,0
1.9619462983472968,-2.748958955326888,0.5660574588320672,-2.5611382687887403,-1.9094050438150951,26.570075745044072,24,Female,One year,Fiber optic,0
-1.0948373896012564,-3.093344793738378,1.6630422595961174,0.44980210958077715,-0.020880288974791193,26.315424717539607,0,Male,One year,Fiber optic,0
-3.2844266179231276,0.6754503797533552,-0.5300895860048698,1.5287564902031328,2.240645301012029,34.31485400748725,0,Male,One year,Fiber optic,1
-2.906841517369215,1.8878950607664264,-0.3542186159166406,-0.016730568574825577,0.8778781065806703,47.19538864061255,0,Male,One year,DSL,0
-0.3365641367850478,-0.06679931729520727,0.17205892236625886,-1.419345097389947,-0.5243729684686449,68.80175546653092,24,Female,One year,Fiber optic,0
-1.596917697215599,2.4374415137322947,-2.0527824331705253,0.9428479175328854,0.9656073023303344,67.91783866571456,0,Female,Two year,Fiber optic,1
-2.1083090863213085,-1.4496279251290543,-0.9676564282885214,2.425754541051167,-1.085563260616038,65.37401009225078,0,Female,One year,Fiber optic,1
-1.6972679148826342,1.5749787287590826,-0.5142689715706409,-0.06987503210446766,1.1791008827639204,39.58928770141867,12,Male,Two year,Fiber optic,1
-3.519796047285194,1.863020233908066,-0.5891790496976468,-0.23242440384771745,5.251949028725838,57.62332061649416,0,Female,Two year,Fiber optic,1
-0.5072497333954944,-0.5370770766828774,-0.4649230143647206,-1.0693869844071824,-1.037592442996217,48.49352711416347,24,Female,One year,Fiber optic,0
0.3143966955755,0.6406254465612572,-0.7668695251179117,-0.025512923763240214,-0.9516378339683254,42.10784436219142,12,Female,Two year,Fiber optic,1
1.7084510453981807,1.0652905285340024,-0.014925372442960091,-0.5575027657576647,-3.200922813795093,81.70680532864498,0,Female,One year,Fiber optic,1
0.3136079907920323,0.47158459184309764,-2.1626790105145295,-0.5500014840307907,-1.6315132267758286,37.5112817299606,0,Male,One year,Fiber optic,1
-1.9387143571783567,0.9530006852363656,-0.21032777286549081,0.40308897325439574,2.241203429474226,48.438929080406,0,Female,One year,Fiber optic,1
0.48227548943081666,2.0124164853666158,-0.8560848720009113,0.7445924215517123,-1.9381128884121608,92.94690755942158,12,Male,One year,Fiber optic,1
1.9947789336894632,-0.911460158233034,-0.8979419856402304,1.9063380933623226,-0.9585037087529322,50.83614128146917,0,Female,Two year,No,0
-0.9424680523684195,-0.6826437547029541,-0.5803550028527311,-0.9726059125106381,-1.3006403901496326,49.39712448669924,12,Male,One year,DSL,0
-1.7367462939810987,-3.050987692044494,-0.1045513885685264,3.275206360551214,-0.5736268779165553,25.319587801351574,0,Female,One year,Fiber optic,0
2.1603142035096043,0.700521619295942,0.1045422455492162,-2.2020992517744196,-2.4256273962584713,29.045326951393296,24,Female,One year,Fiber optic,1
-1.133853835505016,-2.353368790932438,0.29457680054031987,1.4209855263971376,-4.381167088121417,75.76819867665549,36,Female,One year,Fiber optic,0
-0.6132258407499949,0.7042978058819189,0.9276455318033,0.9509577566427263,-0.11033031071624967,22.37681256120951,12,Female,Two year,Fiber optic,1
0.8509314662201799,0.653714100633451,0.3086752940556164,1.8305984285839572,-4.371415347557547,24.868957950734934,36,Male,One year,Fiber optic,1
0.050228008649424005,-0.9123114588179635,1.133688498098509,2.6856445536641824,-0.9457153323318642,67.2551996625555,12,Female,One year,Fiber optic,0
-1.6686051992865547,-1.8862111001094455,-0.43351182120353343,1.4360738021758372,-0.9906572267059504,39.02524896749422,24,Male,One year,Fiber optic,1
-1.1095832295254227,-2.5123844222327616,-1.7407006063803354,0.9400301616109437,-0.47501099109049,29.91767990088923,24,Female,Two year,Fiber optic,0
-1.4199940407827376,-0.2611870518566226,1.234456978764691,-0.4116112182035523,4.136144247442196,49.82045052627165,12,Male,Two year,Fiber optic,1
1.4778363666026424,1.6066015177535728,1.5153967492635925,3.3863066735231446,-5.743221497074024,25.349918712131032,36,Male,Month-to-month,Fiber optic,1
0.6211988165664493,0.3998168838781253,0.5207943056927525,-1.3663865725514586,-1.6624145465615126,62.49177141368659,24,Female,Two year,Fiber optic,0
-2.3502782661543766,0.39837419412526853,0.140293425700544,-0.6559953938342196,6.870855866047097,59.403051036658084,36,Female,Two year,Fiber optic,1
-1.156489962848883,-0.6532516107991504,0.8160810441139388,1.411592494623134,-0.8185818893913474,30.083777874746993,0,Male,One year,Fiber optic,0
-0.9669502986111835,0.23340010939690525,0.6378983162599251,0.9307493714150084,-1.0340173842673663,34.99417105062362,0,Male,One year,Fiber optic,1
1.3579270328415198,-0.4876704171666585,-0.8386576375205849,1.7357482439339824,0.030819194895452103,39.68459299569456,0,Female,Two year,No,0
-0.597064236623025,-2.7526691858647343,-1.2412992727409569,0.901573014448399,0.2559585118426585,45.04616309199896,0,Female,One year,Fiber optic,1
-0.18940917233829757,-0.25861075722064863,1.5912152908822934,0.9116409197372554,-0.30083187078961243,24.256475167283924,0,Male,One year,Fiber optic,1
1.887448602870421,1.8325323804512346,2.0548098186386485,-0.9270476052310793,-2.105311643089712,69.32608478686518,0,Male,One year,Fiber optic,1
0.2744026901022494,-0.4546785465562121,0.8756563632282364,-2.048222511665067,-0.6173359506864061,37.308875804328096,12,Female,Month-to-month,DSL,0
-0.7628725479663332,-0.15207520620202752,-1.6100216729089964,1.4153024257403617,-0.9884617990414114,56.56302257179526,0,Male,One year,Fiber optic,0
0.8616107657086598,0.1791104395454144,-0.5016466787964576,-1.0997167127478238,-0.12629250880246354,81.74096387283657,24,Female,One year,Fiber optic,0
-1.9899163715991306,-0.4375725685258707,1.8266470793119378,0.7001903902970561,0.19053178463581713,31.693358612338507,0,Male,One year,Fiber optic,0
0.3084948845240203,-2.4970067030503276,-0.045710754645827495,2.0096363205513263,-1.9035944002232705,42.21773047285737,12,Female,One year,Fiber optic,0
-2.336920359405798,1.1476032492474042,-1.2630353535770662,2.26250473478311,-2.1573557034625654,67.85616772247195,0,Female,Month-to-month,DSL,0
2.710190363017537,1.1245606647278692,0.05520800899233323,-1.670897362627699,-2.155959913108893,49.412041145801396,12,Female,Two year,Fiber optic,1
-3.2330696911752463,1.644726632528076,-0.4286022369487101,-0.4802266365876866,5.53671136048841,78.03151326813801,0,Male,Two year,Fiber optic,1
0.8379669285578535,-0.5012701886053458,-0.5483967878111827,-1.0998969782992323,-1.563289803829366,22.66847942944469,0,Male,Month-to-month,DSL,0
-0.8240860136590372,-1.7710241623235072,-1.456857628248038,1.8928925560875665,-0.7418289111249555,56.8001539985855,0,Female,Two year,Fiber optic,0
-0.15507040237245484,-0.5088409985110287,-0.30462264835473557,0.7230754593900168,-0.8726206947921491,67.04689569217834,0,Male,Two year,Fiber optic,0
-2.2764062527143123,1.156392805354752,0.4463742447585357,0.8735995798655178,-0.9915765425838162,29.988770389470496,12,Female,Month-to-month,DSL,0
-0.20580920212386933,-1.3189748065712217,1.5112831241107423,-0.7173700698608031,-0.9666675686134156,79.96863223036519,36,Female,One year,Fiber optic,1
0.2948392919993432,1.2530861518673568,0.49891440096441453,-0.5798292926040878,-0.2947996780678978,35.43632302760958,12,Male,Two year,Fiber optic,1
0.35805962756166765,-0.7221434900007508,0.4513228247434116,4.629332089307148,-0.8416164469622532,55.023330541698485,24,Female,One year,Fiber optic,0
-0.35190873544256984,-0.9416582571227863,-0.9550822881358275,-2.027667711891966,-0.39223924969493873,26.648980214970845,0,Female,Month-to-month,DSL,0
-4.14842023882143,1.6697725407241073,1.0970753064126277,2.401264461649934,0.09254996791097765,30.41466237736642,0,Female,Month-to-month,DSL,0
-0.9130119361113351,-0.7285931886414736,0.3066969420298376,1.5119887787855113,-0.00045612314589025345,24.969254998446075,0,Female,One year,Fiber optic,0
-0.04952110882694016,-1.7157147635992387,0.9192610916812918,2.6462089319280464,-3.6059232599942175,69.28815807762184,0,Male,One year,Fiber optic,0
0.9913863482881553,1.2595061246216122,0.4645021652142125,1.0374840276899642,-1.7097842723085142,36.31742225659326,12,Female,One year,Fiber optic,1
0.9673542102158255,0.44946853501217654,-1.5445997269056233,-1.2389515470069692,-1.2513070065991354,23.438350844077696,24,Male,One year,Fiber optic,1
-1.1176752543387205,0.8253871613863977,-0.02483031412664712,1.30331972395923,-1.3776741078221753,60.3833768477834,0,Male,Month-to-month,DSL,1
-2.8797643564412203,-0.5529728120818128,-1.2949318853402603,-1.3775987314846125,1.8608199543466821,67.96951835675998,24,Male,One year,Fiber optic,0
-1.302800568377131,0.8041589169711327,-0.2124587250342695,-2.5925789003250514,2.9813359989534125,75.28701123780712,0,Male,Month-to-month,DSL,0
0.0626574712461736,1.1853648079809171,-1.3180920357955057,-0.07348641848111948,-0.9940725348869356,44.00222826760984,0,Male,One year,Fiber optic,1
-2.197852423752429,-2.0096886228254203,0.2616252635807709,-2.714079409389387,0.6873957649141105,22.390531669722215,36,Male,Two year,Fiber optic,0
5.384235612208933,2.3697767802419527,-0.8030845807190595,-3.7774257650772434,-4.205268474723368,94.17383444389431,0,Female,One year,Fiber optic,1
1.4020802617290047,2.803850744485102,-0.5179672992165097,0.03570545618695431,-1.6107473906312002,111.90750905925202,12,Female,Two year,Fiber optic,1
-0.3585696545176058,-1.379757884138061,-1.7420539417718304,2.307895758018719,-0.77258889154753,25.286100063634887,0,Male,One year,Fiber optic,0
-1.474731419297825,-1.5250793794250161,1.3001765268131393,2.4745356179799067,-1.8398714723159413,46.34744493910419,0,Female,Month-to-month,Fiber optic,0
-2.9306024853763843,2.7900181955471623,1.2985413297690838,1.9238469592889373,0.33594954385664805,69.19041171188996,12,Male,Month-to-month,DSL,0
-0.054344275768700157,-1.1518341335050628,-1.358256986122487,0.507745643449736,-2.1263737746181435,46.63010647869338,12,Female,One year,Fiber optic,0
-1.811271826812657,-2.9857177248252773,0.45507557572037044,-0.5840039534159049,0.8390132208245785,43.78312883710956,0,Female,One year,Fiber optic,0
-0.8350637299660342,1.6745920063002324,-0.08496659688814741,0.7573521566020338,-0.35481653469496627,50.292301325030664,0,Female,One year,Fiber optic,1
0.39999719903490316,-0.302155536776864,-0.08213666355404634,2.734684690199664,-3.829983775262726,33.81392204898686,12,Male,One year,Fiber optic,1
-2.561015679436921,-0.8308729246446158,0.2661778652041803,0.8923896724983598,3.113689463060231,21.516680373301842,12,Male,One year,Fiber optic,1
0.41950301006696644,1.9171666028332652,-0.748009486600535,-0.27860816014405243,-1.023993591938711,65.2568421796349,0,Female,One year,Fiber optic,1
0.034197268830102434,-0.6011146761751174,1.2979401935351325,-0.45456054629023,-2.361119346821306,63.85602597936983,24,Male,Two year,Fiber optic,0
-0.7062645864537551,0.05177587529423411,0.6331951786719153,-1.3963851190483791,-0.5096470623413921,20.848241913588836,12,Female,One year,DSL,0
-3.9935330023539786,-1.363849285456916,0.2948306892096945,0.26843598728664964,0.6443938901589152,29.210172086997865,12,Female,One year,DSL,0
1.3251967267355433,1.409515248389304,-1.3803898467240676,0.6485798090459665,-1.9807678832933022,30.982865596932704,24,Female,One year,Fiber optic,1
-0.8780992947977706,-1.4817015431328122,-1.3356066666463606,1.8529055063345115,0.0025008963391728086,95.57118908449672,24,Female,Month-to-month,Fiber optic,0
-1.5432565495834787,-1.5184970771862492,1.7632988002995693,-0.5088997401659398,0.8237511464780849,20.143802068039353,0,Female,One year,Fiber optic,0
-0.1423405564268635,-4.699060014407197,2.342857008287408,-2.7103654432508284,2.966593459818974,57.01104146862004,0,Male,One year,Fiber optic,0
1.0780746370176049,0.7633514944690631,-0.5220342898417564,0.6057418828795418,-2.6470811631379054,69.45393506271253,0,Male,One year,Fiber optic,1
2.3951527041065597,-1.1560533661876007,-0.20313204632342813,4.587439150175106,-7.682969278074561,48.33037912347727,24,Female,Month-to-month,Fiber optic,1
-0.8689698446799945,0.7841545537993975,0.9669174010754679,-1.6705040356281362,-1.347089351203411,40.565398525208195,24,Female,One year,Fiber optic,0
0.8952293776760404,1.8780398462289536,3.096588896142549,-1.5185063147844784,-0.34736912359435484,35.01291408459663,0,Male,One year,Fiber optic,1
0.9926842822866857,-3.6362269274843877,0.16208569264677555,-2.0538233130866934,0.7336117187185478,26.77357052315233,0,Male,One year,Fiber optic,0
0.24881120442422744,0.177719744065006,0.920396161254485,1.7606542850596552,-0.9956428324639504,23.907227598816856,0,Male,One year,Fiber optic,1
1.3231706324697146,-1.1799157402043847,0.819973642346786,1.1171698870543425,-0.13882986790289148,101.43440084241298,12,Male,Month-to-month,Fiber optic,0
0.4997716945878825,0.5916059889417624,0.18345422647223275,0.5633088867108207,-0.4366931979710285,41.09237244992585,0,Male,One year,Fiber optic,0
0.24089229914706256,-1.283427710086449,-0.07589878507966005,3.250326932393657,-2.7653520256064112,76.49893106387981,0,Male,One year,Fiber optic,0
0.17992912307245212,0.302921121110307,-0.8386236735995307,-0.12061100877538422,-1.792505501310733,34.73870392710743,12,Male,One year,Fiber optic,1
-2.042733599841136,-2.4853240831808314,-1.7230460292912313,0.19820685888737,0.14271343666963907,31.101209191937595,0,Male,One year,Fiber optic,0
-0.4581026406754264,-0.15711080484201156,-0.12148710544041103,0.8014178554636634,-0.41553448997960263,34.34650538273922,12,Female,One year,Fiber optic,1
1.028428625863672,-1.2223279601012162,-0.2002166664916561,3.2628451122343516,-3.641225931164769,96.4466889605453,0,Male,One year,Fiber optic,0
-0.5670283083135339,1.385579687797558,-0.43519333219779316,0.8167187433928327,-0.29209059703911466,51.47040727173495,0,Female,One year,Fiber optic,1
-0.27104258039209084,-2.724724951861744,0.5237277654138535,2.538412647990976,-1.93485266596548,69.3536830482449,0,Male,Two year,Fiber optic,0
-2.8009339829871065,-1.972461772818952,1.464201272523587,-0.42050535111754705,2.2031268393614583,28.722990907942354,12,Male,One year,DSL,0
-1.4182396776720876,-0.9426274570143226,-0.9499957035196952,0.3604120576292207,-1.391190049187633,46.76014237331288,12,Female,One year,Fiber optic,0
1.1307379405436344,-0.9360880411239763,1.9292699966212825,4.681700960376397,-3.1502642020971745,110.8655072514816,24,Female,One year,Fiber optic,0
-1.2291387034206818,1.4345886939495354,-0.007928587453370401,0.7357256904642216,2.3939600220290282,59.249117464677724,0,Male,One year,Fiber optic,1
0.44711196247255103,2.345978550989713,0.5715306969007419,1.0755785863864276,-4.0668171008678335,25.878748089292472,24,Male,Month-to-month,DSL,0
-2.267072152744194,-0.719082512008643,-0.2422880981783884,0.34154617416343447,0.6169446133212129,27.471764063020988,12,Female,One year,Fiber optic,0
-0.41912509359666805,-1.830900405745296,-1.3097319743676321,3.246847807806684,-1.0868124404844317,31.00330273612878,0,Male,One year,Fiber optic,0
1.8895266881340667,0.867301420099567,-0.8257871252545068,-2.5211005018264245,-1.4038253177290871,49.44500724654378,12,Male,Two year,Fiber optic,1
0.11057881644669121,1.2854797830176892,0.6816606513974395,1.571209814600012,-0.4631723222812263,45.59855087895204,0,Male,One year,Fiber optic,1
-1.3497881318445724,3.819524033667468,-1.4006698548865477,0.4478809990183896,1.226678016496324,75.69925665166338,24,Female,One year,Fiber optic,1
-1.1856112074831893,-0.35803448300853635,2.0449387980310263,-1.503306197507149,0.5073258455316164,33.405417350855956,0,Male,Month-to-month,DSL,0
0.10060520427866582,3.6892147114234035,1.1903614197520662,1.2364800365471849,-0.17518617901463893,70.97677831600612,12,Female,One year,Fiber optic,1
1.3356675719597577,-2.985755682673024,0.10296524246461053,-1.1009123133930672,0.264113862710882,27.623696945795228,0,Female,Month-to-month,Fiber optic,0
-1.2984257949207043,-0.28249532431961466,-0.9617624207732018,1.0950955888353233,-0.909970575691772,21.25332704449876,12,Male,One year,Fiber optic,1
-3.065435349369261,-1.3934809601488585,0.06658882690292169,2.060655687701474,0.4143799328571154,30.853607472980116,0,Male,One year,Fiber optic,1
-1.5403596514661726,1.0333325389573218,0.017855301482174405,-1.3008706691388907,4.5003501272981605,54.52286057355834,0,Male,Two year,Fiber optic,1
-1.0388754110011085,1.6389172186824503,0.05107630446507835,-0.6646532220482884,3.96837410790214,53.89201164942317,0,Female,Two year,Fiber optic,1
1.3844885485420273,1.30516533856761,-0.08163436001124397,0.16176210439646033,-2.5106125965935204,77.41401031592014,0,Female,One year,Fiber optic,1
-3.0273740410106638,0.24204766333264538,-0.6579581276655111,0.01228678929895688,1.02736957827173,22.63582510544655,0,Female,One year,DSL,0
0.9435962578427614,0.26501565315726594,0.9017646879402839,0.3384730648361416,-2.5680677701158787,54.5466744922948,12,Female,One year,Fiber optic,1
2.7453495348493653,2.573203014845008,-0.052447699649119134,-2.0175461207879124,-2.266140943299052,100.5861060164672,0,Male,One year,Fiber optic,1
-1.4988832729237878,-1.516523995725978,1.4729835776298295,0.5193004940869312,1.5530294814914285,21.40836992030841,12,Female,Month-to-month,Fiber optic,0
-3.7529741619670474,1.147809596349948,0.8566651198694065,0.7401295184040998,2.5514459084525463,38.472942075992435,0,Male,One year,Fiber optic,1
0.948322083230944,-2.047960640456037,0.19199378862226754,-2.1499146917985237,0.4236712294982469,44.31216079824644,0,Male,One year,Fiber optic,0
-0.3500889841583831,-0.04672376052301208,-0.33227270125008823,2.4046033955285075,-3.101832613309044,80.24617917716026,0,Female,Month-to-month,Fiber optic,0
-0.4045355805412203,1.645255130294602,-1.2425640027997056,2.786652260299922,-4.305019614888705,33.82669923175813,36,Male,Month-to-month,Fiber optic,1
-1.7084932433593134,2.1806689743890653,-0.13367591465481174,0.409603477018325,2.5019177189374098,53.54030831459555,0,Female,One year,Fiber optic,1
-2.5057417564838285,0.9671524150774569,1.5095468626126316,0.16945886003859756,2.904244609366515,53.76384962267888,0,Male,One year,Fiber optic,1
-0.020086789336807964,-1.233980078723472,-2.051052407853855,3.4823312125944774,-1.3655602802985143,74.47132001849184,12,Male,One year,Fiber optic,0
-0.20901915303654384,-0.14197026917502809,-0.07810901011278953,0.28735409730944717,-3.8671652709378717,43.83537741607995,24,Female,Month-to-month,DSL,0
2.7127583571642067,1.5758866972059302,-0.6679416704595046,-2.7823452573030787,-2.063281543027459,52.248648186997585,0,Female,One year,Fiber optic,1
0.41668707868959465,0.48583067479073727,0.3582345940144528,1.0579281452957683,-2.0893940093180787,42.83005173932588,24,Male,One year,Fiber optic,1
-1.929828669094527,-1.10560396706741,0.3777117601138336,1.773913441531385,-0.41382391190611106,39.78746484043622,24,Male,One year,Fiber optic,1
-0.9554998876456112,-1.1530017553579741,-0.4347349681241913,1.5375301695114862,-1.523862311373011,43.654813809505086,0,Female,One year,Fiber optic,0
1.8695216381922246,-1.5151035386943161,-0.4172348352383145,2.0000729055296826,-3.859371459611695,40.498547159626625,12,Male,One year,Fiber optic,1
0.30290384167640294,-0.269830781142092,-0.9222192771347147,2.179296004347525,-0.9587519896573303,67.51967536088202,0,Female,One year,Fiber optic,0
-1.8114375786154622,-0.3934695275732868,1.512067949141453,0.19152534467797222,-0.8190339409212627,35.301873782992246,12,Female,One year,Fiber optic,0
4.918323879975807,1.3794498132749076,-0.35204965603229166,-5.129317830136897,-3.0869714437744666,39.94928650523439,24,Female,One year,Fiber optic,1
-1.4013320576185906,-2.2163287107003855,-0.12130867138958068,-1.8284923701455678,2.5472909144294404,48.90040322515329,0,Male,One year,Fiber optic,0
-2.535006318206549,1.2980698399112727,1.2046759357569254,-0.15051136271421917,2.210030819381796,42.30719003749296,12,Female,Two year,Fiber optic,1
-2.7184223729826744,1.5966609257766184,0.5505569328262319,-0.06119149368317722,3.587765973679079,69.22049889732952,0,Female,One year,Fiber optic,1
-2.104713748312845,1.0277954433806302,0.8016051597263709,0.9641054337711885,2.2895572308371803,42.403936427981975,0,Female,One year,Fiber optic,1
-1.7179506226553451,0.6783271611902011,0.13775840517403723,0.24189078416096432,-2.967166514473425,68.55821584610084,12,Female,Month-to-month,DSL,0
0.8319361786937832,1.8230521954324765,-0.18271846181432752,-0.6935503547946551,-0.20186626965604468,33.91139001207968,0,Male,Two year,Fiber optic,1
0.7273934355751526,-1.596049794129938,-0.6829351063151862,2.007363159185982,-3.656349732521843,85.53495198998903,0,Female,One year,Fiber optic,0
-0.790644085107524,-1.616614567866065,-2.2295755741118772,-1.7335621595697264,0.5663966268495524,68.68195447153012,24,Male,One year,Fiber optic,0
-1.5740359288621564,2.412118829771669,-0.5448700708235121,3.113538749802168,-3.752872703180617,38.69988473231867,12,Male,Month-to-month,DSL,0
1.3504522059671746,-0.21662261616424505,-2.2994555236698986,3.3303971596929376,-5.610366951443572,43.91501965132352,24,Male,Month-to-month,Fiber optic,1
3.2206350734664753,2.6832877105717845,-0.42983282314785354,-2.909221370321678,-2.818270232871597,80.09854552996454,0,Female,One year,DSL,1
-0.23520865578054628,-1.565217967181784,0.16633886595065583,2.599624229140672,0.19846021380624504,38.627236262513165,12,Male,One year,Fiber optic,0
-2.983944077576308,-1.9218083002605648,-1.399343047785875,-1.2143659663437167,3.445910161676167,27.00337438670169,12,Male,Month-to-month,DSL,0
-1.077024769598333,-0.839520777257269,-0.39284389076720727,2.094354977157522,-2.0031591298880254,37.97453762190566,12,Male,One year,Fiber optic,1
3.9501730848500984,2.263672213537351,-0.8284032217482512,-3.8004601336722463,-1.8106285769604233,36.084836606125776,12,Female,One year,Fiber optic,1
-0.3300201910906051,-2.2623266527878436,-0.38841124098877516,2.910760949394648,-1.3237946535884575,48.33069860534236,0,Male,One year,Fiber optic,0
-0.8383898448659993,-0.02443825215245421,-0.629867349137375,1.1528123319928751,-0.16993235317181138,22.191537391407074,0,Male,One year,Fiber optic,1
-2.025750917121472,-0.30748663924246444,-0.1936836600443806,1.8495680368634124,0.257002286669661,22.47471897241548,0,Male,One year,Fiber optic,1
-0.7350252708359564,1.0541944558248844,-2.2142681858845514,0.04592166700682376,-3.196754439259751,78.42066417803107,0,Male,Month-to-month,DSL,0
0.4892939599615709,-0.1974251818020094,0.47304527283800113,-2.377351506726602,-1.6163000738348785,41.78843988354715,36,Male,One year,Fiber optic,0
-2.5034576368387746,1.1442744308302333,0.5657385044539512,-0.001444795426511103,2.886075097535708,42.427453117995896,0,Male,Two year,Fiber optic,1
-1.7069814650080886,2.632263146550854,-0.15650383020921016,-3.1200467861311285,1.5582742916093697,24.690156138965193,12,Female,One year,DSL,0
-1.272822920468421,2.766986929365457,-0.7838417390846841,0.6090630555575622,1.4890865245774885,61.68926959949662,12,Female,One year,Fiber optic,1
-0.4089980236636984,-2.8102070972057476,-0.6755685285912163,-4.147691467307202,1.0212808134221163,29.97683276900876,24,Male,One year,Fiber optic,0
-2.105109315864559,0.43490230014944287,0.07807771389598944,0.8708606418365922,1.906500334262885,55.46372499764801,0,Male,One year,Fiber optic,1
1.247990393384665,-6.211050045154939,0.5390414967527589,-1.8798324323550788,0.24786169717174564,24.420426988814405,0,Female,One year,Fiber optic,0
-0.30247406345360095,-0.013245984997019677,-1.2159378179759015,-2.7761134698516883,2.2264044348993317,114.4203286450531,24,Female,One year,Fiber optic,0
-1.583368359139177,2.275102755555668,0.6739651517100497,-0.3666268877393739,2.7418556570396486,56.81398279010074,0,Female,Two year,Fiber optic,1
-1.2086020190819644,-2.6824857544365472,0.13631129556366764,-1.2522327229442305,3.373993846647405,91.02197210200532,0,Female,Month-to-month,Fiber optic,0
-1.2845198235100073,-1.3851308292778945,0.011736369721935848,0.8902724617638736,-0.391217576224624,33.20890425516926,0,Male,One year,Fiber optic,0
-0.25234480322526787,-4.87593746511507,-1.383467312455986,-2.794269559146328,1.992091093885287,21.014851103654124,0,Female,One year,Fiber optic,0
2.253574129841356,1.581050538515358,0.27194059094054035,-2.437156219732294,-1.7582160223114285,50.272472936071935,12,Female,One year,Fiber optic,1
0.23243640341913108,-0.4038099675685676,-0.16128543366114506,1.3802594192645579,-1.5651605281188203,56.36137083728069,0,Male,One year,Fiber optic,0
-2.445510397797547,0.4590253059468371,0.906343235397152,1.6489298771474874,0.5534381333691736,28.636618664991005,0,Male,One year,Fiber optic,1
-0.4662552084348246,0.03413922950432524,0.6884365198746686,-2.4276636020103783,0.8815674476526562,70.40403062472929,12,Male,Month-to-month,DSL,0
0.31967032075361623,-4.261830930326452,-1.6599055625051826,-2.6354092122973256,0.5436107222857229,29.684093209759112,0,Male,One year,Fiber optic,0
-0.31905536583024474,-0.575727076215029,-1.5852460107298574,1.2012396476369716,-0.5014249584935662,51.22768526794634,0,Male,One year,Fiber optic,0
-1.0295730454047214,-0.09932975395159849,-0.4513752310813436,0.06481239092357449,2.040718654052275,24.113350764244295,0,Male,Two year,Fiber optic,0
1.5089607127985254,1.2504062543813248,-0.8095668020895724,-1.8327984301862772,-2.0354319294392216,72.6641147434037,0,Male,One year,Fiber optic,1
0.041001886911985475,-2.3073756448150515,-0.7697070992378554,3.028210467651222,-1.9946414317663588,70.24634237201968,0,Female,One year,Fiber optic,0
-0.733280209314995,-1.1752510284690072,-1.9473398726619233,0.8024244077234682,0.15072151723717428,21.73324682693002,0,Female,One year,Fiber optic,0
-0.5551481356652754,-2.901739568775451,0.17319764270874738,2.831167530329875,-2.0686229456265486,56.7074319809669,0,Female,One year,Fiber optic,0
-0.657396601858228,1.886819255175217,-0.9325593884467056,0.9974580355720243,-0.3703745574181104,40.465641283591495,12,Male,One year,Fiber optic,1
-1.5724443115028501,-0.06296492827332034,-1.1815665791024124,-1.4568505733579284,1.2350060731129122,34.449884846726206,24,Male,Two year,Fiber optic,0
0.4726240936828716,-1.0591502711924483,1.6860069497704442,-3.6481146555147097,-0.12450308405665125,44.17845290062303,24,Male,One year,Fiber optic,0
0.38618573714166615,2.434710991217826,1.5393565226006938,0.44108588951435246,0.5464473700489082,72.79515629391703,12,Male,One year,Fiber optic,1
1.4601640674308904,0.37085093791475265,-1.4293264709740647,-1.108860171901652,-2.4585167397444283,34.619487040721395,12,Male,One year,Fiber optic,1
-3.0005002987700946,-0.9580573579985739,1.9121780476629535,-2.410198179400818,0.6829795927951521,32.432343409343645,12,Female,One year,DSL,0
1.2519170240983375,0.10341541127947418,1.585679173100759,-2.4857047045409315,-1.9728384182243734,41.56775860750933,24,Male,Month-to-month,DSL,1
1.0590119381024863,0.826083853141432,0.9118135935708017,2.3693795682728203,-5.546148985901071,20.933701127792787,48,Female,One year,Fiber optic,0
-1.025839214738481,-3.256105587697123,-2.070273544513395,-1.7082823039404644,2.904812690497415,90.47739069425003,12,Male,One year,Fiber optic,0
-1.1879229671902263,-3.2780027440881003,0.52423017995203,3.525835224446941,0.12531571742392572,26.968198740810948,0,Male,One year,No,0
0.8701476334912774,-3.916841088576162,-1.6820672836977855,-3.025909214783323,1.9515467874910293,82.24395453948301,12,Male,One year,Fiber optic,0
-2.3442302957744032,-1.1432178863539009,-0.9379534088448924,0.8039396456987746,-0.10937269050271954,22.057268313941833,12,Male,One year,Fiber optic,0
-2.2451493504193225,-1.8545986696486019,0.5834049157981909,-1.24305143852231,2.3892982639346263,57.80115241378695,12,Male,One year,Fiber optic,0
-1.1228017468874796,-4.650044720462287,2.4359851242292434,-2.403966433869873,1.4256697909854426,26.876338741436907,12,Female,One year,Fiber optic,0
-0.13086347101841744,-1.0543729461934732,1.1687227942312366,0.7676340823520839,-0.3710753228706841,22.061818942571957,12,Female,One year,Fiber optic,0
2.758585413722946,0.9494716112149428,0.8241523634556386,3.005805533686852,-7.539011362931538,43.830135041509266,48,Female,One year,Fiber optic,1
-1.7441286727506022,-1.1112644859791645,-0.2615672232265355,-2.1032688253484624,0.2210045346050126,35.18437496280418,0,Female,One year,DSL,0
1.9795122449672147,0.8387111669246446,-0.2145209503359089,-1.7191713247603524,-2.8428421232935945,35.859452660946985,12,Male,Month-to-month,DSL,1
1.5002608102443626,0.44409711524011164,0.26629535644062347,-0.8832337659069402,-2.8817616112551923,51.782895542151806,0,Female,One year,Fiber optic,1
-0.6962203878170947,-1.8900408179441732,0.3270752180533076,1.24019293265153,-3.6777466435484336,60.808817640516146,24,Male,One year,Fiber optic,0
-1.461064245903906,-1.6153689741342379,0.8276575097351987,0.946496840133847,-0.20183234598818173,28.608278656716347,12,Male,One year,Fiber optic,0
-0.056859867337415326,-0.31970440494660846,0.8881573217434416,1.6271903863686252,-2.230246375588409,23.409424065553765,12,Male,One year,Fiber optic,1
-1.4334662118792396,-1.1074564196213417,-0.5465482962364754,1.6437186155762515,-0.47143931117933285,41.00964148830509,0,Female,One year,Fiber optic,0
-0.7821746643296978,-4.093004698611464,-0.1681396460491672,-4.60875339320938,1.3330183453584272,21.242153192268695,12,Male,One year,Fiber optic,1
-0.021388155859320857,-1.1606388108186516,0.7184116977766297,1.7339154684110158,-2.128782200250171,54.10957995931518,0,Male,One year,Fiber optic,0
-1.7839033053283833,-0.0917366768751473,0.30517263458050764,-1.616880219982091,2.5177560618517596,87.11345874436711,12,Female,One year,Fiber optic,0
4.538891313158982,2.9773986341633654,0.28244976405560046,-2.860395343856702,-3.9399333684310323,118.14712998018226,0,Female,One year,Fiber optic,1
-1.023041635522387,-1.8986514133509882,0.1586833236187289,-1.7048580327273384,1.2981780165404735,45.60044271569825,0,Female,One year,Fiber optic,0
-0.5620969249322645,-0.1491916558772376,0.2353171684846372,0.64882905958832,0.11814916923755334,27.411094161766187,0,Male,One year,Fiber optic,0
0.7706163762766498,-1.4448867759582824,-0.5456141563287527,3.9598492404105694,-2.5955115706880396,102.82511238194424,12,Male,One year,No,0
-1.709836054227376,0.2520603706107645,-0.06431045011924605,0.03810720653880717,-2.710063690187096,50.162537781688854,12,Female,Month-to-month,DSL,0
0.014541082796065474,-2.1229316344513265,0.6485467476329978,1.4062675458083422,-0.3618587636331303,26.137293324830594,12,Male,Two year,No,0
2.8569151901541154,2.9195556275766554,-0.050942279063403054,-1.5847619915437825,-2.7052385303545634,107.04540057605399,12,Female,One year,Fiber optic,1
2.735906196940959,2.208127309454401,-0.41631525734402774,-1.8662606544401128,-2.0855600290253062,87.96609194853883,0,Female,One year,Fiber optic,1
0.5099391703841296,-0.6025857678035644,-0.5564657778499762,-1.3582098935505782,-1.482218309525129,47.0397374022556,36,Male,One year,Fiber optic,1
-2.9585744910565146,-0.30123894956078257,0.21630541124831631,0.632692704953044,2.4678769444011666,24.046283383861642,0,Male,One year,Fiber optic,1
-0.2483087266971037,1.2327989202633949,-0.9084643375227769,3.1795670783294736,-3.533761447814805,30.295517292120607,24,Female,Month-to-month,Fiber optic,1
-2.360267618394168,-1.1135252505525073,-0.4880128031720859,2.379212966936972,1.321421719110509,49.57691784305989,0,Male,Month-to-month,Fiber optic,0
-2.1928562532403726,1.3292702606866889,1.6997427421986424,1.0676497908506142,2.626872086438569,61.73988311317828,0,Male,One year,Fiber optic,1
-0.34519489583039875,2.458835263113344,0.8546273105507028,0.20008112100564635,0.6412736142499759,65.3678981481685,0,Female,Two year,Fiber optic,1
-1.774693767869031,-1.038477098871814,-0.7100250868151013,-3.6064266668010236,2.379221769727227,24.765079102006347,0,Male,One year,DSL,0
-0.47753043195825184,-1.579015786497148,0.5463989516672717,2.0290082902135045,-0.3580435975083151,39.336625123440534,0,Female,One year,Fiber optic,0
-0.40688935661559067,0.8928735186816142,0.6867754890476648,0.9182568213606814,-0.8028947751723381,54.74268201240386,0,Male,One year,Fiber optic,1
-0.22400940476527365,2.127191552531909,-0.4111733955533163,0.16682833748779857,-0.1654960090682431,65.02069836665284,0,Female,Two year,Fiber optic,1
-0.46933733084132545,0.01097707912880419,0.4412398221702712,-0.6293027680174476,-0.05443274778325065,55.14488973416468,12,Female,One year,Fiber optic,0
-0.7018035883602121,0.7397221671780115,-1.138782936976213,0.4883081829423608,0.7737987954954413,42.082863885897446,0,Female,One year,Fiber optic,1
-3.94748689441487,1.607501052199218,-1.7944435850889013,-0.6742155496349702,7.308790696558328,75.43239578571541,12,Female,Two year,Fiber optic,1
0.03345392668329672,2.757801165425736,-0.7418206417017582,1.074615301875125,-0.9624766487042191,56.358168282689284,24,Female,One year,Fiber optic,1
-0.861634560174198,2.183390250147669,1.3583571664306051,0.6921396184913816,1.50679707337596,77.67121942621495,12,Male,One year,Fiber optic,1
2.089377926394077,0.7780135267112992,-3.0825621751432375,-2.1092347160597624,-2.0425693655289456,38.863984237957474,12,Male,One year,Fiber optic,1
-1.7421450775563216,-0.1525054247576101,-1.4473960920589406,0.4062032949864721,1.2910086695253158,35.005635730464306,0,Female,Two year,Fiber optic,1
3.0843349461616136,0.2608406020610591,0.5953232878926642,-2.3055480777440485,-4.139136634293079,40.551620724493915,12,Female,Month-to-month,DSL,1
0.5037864856465024,2.141244068315296,-2.370885373306439,-1.6406493725428346,-0.6087915625739889,41.64649477911583,0,Female,One year,DSL,1
-3.552716131467228,1.6520642168972066,0.7837313967528775,-0.5348627041986795,6.3303730904119195,72.00477761417608,12,Female,Two year,Fiber optic,1
1.0838174132663223,-1.6131980601892528,-2.256725105289419,2.3827150523575664,-5.550949309438214,124.40714005490504,0,Male,One year,Fiber optic,0
-3.2837720823721517,-1.7688176709379433,-1.606602735358006,-0.8113668294817471,0.04644631848537496,26.905020967170735,36,Male,One year,Fiber optic,0
2.7859296036521854,3.612564761584036,-1.5052791761614406,-2.301264587728671,-1.8391311447059888,127.42540283729332,12,Male,Two year,Fiber optic,1
0.12623366284413295,-2.195453085011883,-1.5482616682308352,2.124628594854621,-3.2647826338311416,82.40368593073995,0,Male,One year,Fiber optic,1
-0.28287352416646205,1.4959641217119235,-1.0581509924706867,0.9444515090551666,-1.0349002298347407,29.83730910808265,12,Male,One year,Fiber optic,1
4.8934665186305555,0.3759427654538139,-0.588691699469274,-3.884777525539814,-4.396967385677091,37.3856922885107,24,Female,One year,Fiber optic,1
0.28507627955541226,0.8470643312910782,-0.11226376719129758,1.8127623175389904,-0.9626170840116318,45.997738136566824,0,Male,One year,Fiber optic,1
1.150511690571528,1.436252290915176,0.15709865064383013,-0.5824136263451715,-2.0225952637464006,50.42211256829765,0,Male,One year,Fiber optic,1
2.7672877180788626,2.380794818643583,0.05539691178333415,-3.024603146153468,-1.5257849392739393,44.02452328224305,0,Male,One year,Fiber optic,1
-1.1470165789022562,-1.5468792268734937,-1.6064589010404138,-2.2881556403323113,1.9021027946761506,51.62616957363207,0,Female,One year,DSL,0
-3.053579743069771,0.054049834425529686,1.2246387312151752,-0.0497915567689432,2.3107829447203994,84.54056841437912,12,Female,One year,DSL,1
0.2581753094327317,-0.9973337252093304,-0.6760510882885871,0.913921925998478,-0.29705790846084135,23.737999608849364,0,Male,One year,Fiber optic,1
-0.16876364880865835,-0.2518973651514467,0.5673304769866295,0.27169986016933456,-0.7392638156453287,22.02228651083307,24,Male,Two year,Fiber optic,1
1.5058400873571545,-0.42100307225476685,-0.46524542916908107,2.686498457809314,-4.641484950556587,21.574240592197928,24,Female,Month-to-month,Fiber optic,0
-1.0099067309191578,-0.9649137362917009,0.586801850735655,0.6126630356264804,-1.490423489516121,43.80918638362724,12,Female,One year,Fiber optic,0
-1.7039394343760277,-0.3095635867488885,1.2559370400156968,-1.6287566257160728,1.3175785245150182,48.20039076190753,0,Male,One year,DSL,0
-0.4244514554927046,1.7099839109746577,0.08401019092435126,0.04460229596588228,0.16013677431043824,39.52318396510836,0,Female,One year,Fiber optic,1
-0.6378984182303358,0.22663080282941883,0.14403090197922622,-0.25691376072448724,0.3490250135817546,36.68290589843349,24,Male,Two year,Fiber optic,1
-1.0058046024635428,0.10193993610071161,0.9780029759984087,-0.2958245625104221,-0.865677476417084,51.47991397810031,12,Male,One year,Fiber optic,0
-2.7989165645039846,0.15666619840090412,0.05434029414187516,-2.4221202967374147,0.409584590140253,21.666596501699026,24,Male,One year,DSL,0
-0.493235641041057,-2.3086116075596053,-0.2589588347675133,-1.8712826493070502,0.45178218859830277,27.464933628973256,12,Female,One year,Fiber optic,0
-1.2961639105005847,-1.4551802012397674,0.3188374033804253,2.3831736337859395,-2.1922075450504144,47.52587917268927,0,Female,Month-to-month,Fiber optic,0
-1.1717283044473872,-0.8906546651705792,1.9725799044469323,3.19930462865317,0.8460598890132486,32.903321318884835,12,Female,One year,Fiber optic,0
0.7475511542515731,-1.6328229526589328,-0.3779897459852177,-0.6188208388513533,-1.9859489967273125,55.34955826189092,0,Female,One year,Fiber optic,0
-0.725875983596669,2.4077807041774983,-1.1339463359678041,0.6498831733362502,1.3778744013036193,88.3080444559821,12,Male,One year,Fiber optic,1
1.1238535397543306,0.6034235337917313,1.1762257067585293,-0.47046445205502574,-1.909828373140582,46.96511567022234,12,Female,One year,Fiber optic,1
-3.427876461435154,-3.1069458052136514,-0.3411997326932956,-0.14391313059340305,2.8835697669424527,33.88553762130486,12,Male,One year,Fiber optic,0
-1.6484639952378637,0.1951345737154948,1.4919430591616407,-0.5042476721350553,-0.42710527865433495,38.47449153722444,12,Female,Month-to-month,DSL,0
-0.5929999331590137,-0.945685975052946,1.306280475728203,2.3059865748718265,-2.6953427150204257,48.25485349747572,12,Female,One year,Fiber optic,1
-1.2344950604489562,3.1068433659864736,0.38785754341559575,-0.6207227925887568,4.237733199675218,96.23312240718039,0,Male,Two year,Fiber optic,1
-0.9058369523741754,2.071018276023721,1.4571018262274051,1.1357977482961115,0.12121211494571323,36.16910585166619,12,Female,One year,Fiber optic,1
-0.8011063830491487,-0.2657889657192094,-0.7721489637119425,2.3793522697824923,-3.2182434063368723,84.04836467258579,0,Male,Month-to-month,Fiber optic,0
-1.2704418083769948,-1.5272558091653754,-0.21035760377691182,-0.25272629942817093,-0.36449806452486505,34.2857544233541,24,Female,One year,Fiber optic,0
2.490512467703402,0.5832263677794003,-0.015687966756937923,-1.5342714563029713,-3.089767635194959,43.32225736931078,12,Female,One year,Fiber optic,1
0.3375265556797915,-0.8431212678507969,-0.7875514406287065,-0.6732182706659148,-2.0864352213646096,27.388003771431922,24,Female,One year,Fiber optic,1
-2.005621659316595,-0.6108423008242783,-1.9323720874958086,-0.0535262528017697,-2.535601054371453,45.11323983997151,24,Female,One year,DSL,0
-0.2170010555228804,-0.6973518193306393,-0.836338536496288,3.4264856621467783,-0.8092031706030626,56.98792441686591,12,Female,One year,Fiber optic,0
-0.7887474291660896,-0.8170575718060014,0.6490933843875007,1.4240691758140471,-0.20125801118177544,27.952636839896318,0,Male,One year,Fiber optic,0
-1.6765245674868965,-0.06240360060283723,0.37490768630077576,0.478737629565416,-0.3530063487637211,44.56215185372784,12,Female,Month-to-month,DSL,0
3.4874964602367506,1.1126925920902735,0.6121568069555516,-2.1600170770389266,-3.822883588111784,56.95729583975282,12,Female,One year,Fiber optic,1
-1.2985557893968358,-0.18367195802934555,2.1427110344641864,1.2606358853686372,-1.3682168637072802,30.11647926368724,12,Male,One year,Fiber optic,1
-3.217243392020142,-2.921012700749295,-0.14753818810015182,-0.4621004688233773,3.079363492267704,20.423743497502397,12,Female,One year,DSL,0
1.215239991403792,0.27402404417991333,0.6421077589986135,1.8328325133973422,-3.36648902793595,26.35058225293331,24,Female,One year,Fiber optic,1
0.9632803831528839,3.015809351360671,0.12486761019547897,-1.0282293709552048,-0.027683174792794835,73.0656358291447,0,Female,Two year,Fiber optic,1
-3.82193933334744,3.3281364308794066,-1.5184219860092896,-1.9484569816097936,0.8386215387562772,41.3512731701027,12,Male,Month-to-month,DSL,0
-1.9405220938537717,-2.020802060761151,0.3067899624614518,1.6473844030030733,-0.11140048327822862,31.878671523870903,12,Female,One year,Fiber optic,0
-1.4578816945537583,-3.1184118227954167,1.431588905214111,2.7309143196526056,2.6649628257040328,61.55428010463393,0,Female,Two year,No,0
-2.6471038814243193,-1.0391273444172646,1.7820241127014727,2.832838170299291,-0.5420673615462065,32.43625056297644,12,Female,One year,Fiber optic,1
-0.8690998096736069,-0.41367819806642103,0.7499383929448385,1.1212524776187665,1.4664469480669557,28.29400771084533,0,Female,Two year,Fiber optic,0
3.8823407169946167,0.6872766268699873,-0.731859209858064,-2.7555206974482513,-3.8848115043830767,56.794116957128324,24,Female,One year,Fiber optic,1
1.9254776214537026,-0.2164614068777424,-0.6328075992221822,-1.5392918294701428,-3.136998596176635,23.52378805156215,24,Male,One year,Fiber optic,1
1.8753587074322033,-0.7840149163717218,0.05047105368346139,3.5444305952787003,-5.710012466088324,20.029878160393302,24,Female,Month-to-month,Fiber optic,1
0.022153662519165618,-1.461705381167862,1.2463298110749443,1.0618301210551122,0.42632547865788833,50.161869872506564,12,Female,Month-to-month,Fiber optic,0
-1.0249132429444552,-0.021957116573793622,1.0018704135410883,-2.7551102067215303,1.8936188486979464,90.76747628939714,12,Male,One year,DSL,0
-2.731671068887799,-0.6027974257818567,0.09417646917364228,1.2112681551672417,0.12211661757280788,24.405427389239232,0,Male,One year,Fiber optic,0
1.5091653506833982,-0.3237083411386451,0.5379759698264887,3.2253096091886975,-1.3756015631628808,78.36237879579741,24,Female,One year,No,0
-2.3108045935989656,0.3911177553442674,-0.29259474990761025,1.2224165185666431,2.338749917325599,22.860413195050764,0,Female,One year,Fiber optic,1
0.650194858186351,-1.7035874636217174,0.13376057405422923,2.5953181710538065,-1.260512929908586,61.992455150336305,0,Male,Two year,No,0
4.068926671813085,4.28826996364405,-0.8208389588502913,-4.061913864239462,-1.4200601988429957,96.25764303921757,12,Male,Two year,Fiber optic,1
-0.3878922513131653,-0.800946734868931,-1.3859266659702465,0.6544947916316164,-0.4206836878689439,20.369305070367165,12,Female,One year,Fiber optic,0
-2.3552781027080307,1.5116447531756823,-0.40451508464169533,-2.3090238070256124,-1.240541954961345,39.33514510404214,24,Female,One year,DSL,0
-1.4557725756311457,0.40424544790732875,1.961104291291467,1.117162101188204,0.5836114530107852,31.158666157512904,0,Female,One year,Fiber optic,1
-2.0021202121747046,-1.6450323298892302,0.5100665931710655,-4.09891442694024,1.1628733997260035,45.52590404300767,24,Male,One year,DSL,0
-0.7935139758442624,-0.7872895869843858,0.2608661747219758,-0.5567231096272871,0.3415305146325947,30.009827994398087,24,Male,Two year,Fiber optic,0
-0.4949795337507621,-0.8729940268953724,-0.14584443297218955,3.173725785887922,-0.5386707365035949,55.797420018280064,12,Female,One year,Fiber optic,0
-2.835336607125086,-0.535471306512924,2.6253055802689116,2.509647151119393,0.3964874511553067,29.62025364672595,12,Female,One year,Fiber optic,1
-0.1789677055698965,-1.6049688321322402,-0.3834179419689318,2.443249495809334,-2.1960184232264486,84.76723212193511,0,Female,One year,Fiber optic,0
1.1903608978805535,-1.855018115046557,-0.030593064230755616,-2.2321973491561202,-0.6437843986627786,37.48833190355826,0,Male,Month-to-month,Fiber optic,0
-0.3906913095349608,-2.719065853491182,-1.1786911317962547,-0.06026873044876868,0.5069904972933861,77.65526458767691,12,Male,Month-to-month,Fiber optic,0
-0.27165974065365495,1.2454939326595043,-0.3038634294811303,2.352460033077418,-2.4402131919056305,21.98526012807053,12,Female,One year,Fiber optic,1
-2.78874467286441,3.9903067619840744,0.6690752544963648,-1.093587336191315,4.745247890504744,76.33176751057456,0,Female,Two year,Fiber optic,1
0.6259139324699434,0.6868516680971151,-0.8166130298209866,0.5846716601669599,-0.6117570312079911,23.93864023531159,12,Male,One year,Fiber optic,1
2.321331920262398,0.5185978074218024,1.1219504919152248,2.7706902349182014,-6.24287168361093,32.74042693256477,36,Female,One year,Fiber optic,1
-2.0848591780111265,-1.6681168923357563,0.943193303477794,0.49904011607292664,-0.9508009606195533,40.24990547399241,24,Male,One year,Fiber optic,0
1.7824492208187772,-0.36944051118105237,0.16700292169573833,-0.2826947713835446,-2.9954746226920297,38.946368371216565,24,Male,One year,Fiber optic,1
0.34097913842937344,0.3830826487799579,-0.39275895241680914,1.1441251241995523,-1.5502110503416324,34.28725616339045,12,Female,One year,Fiber optic,1
-1.9672077514878055,-2.7619752958127464,0.4963816465288452,2.2462109955364564,1.1768662871199445,38.82315804350628,0,Female,One year,Fiber optic,0
0.20677974646284447,2.7044548327753146,-2.0029484138651927,0.509084505938674,-0.5014705453997196,44.69385894206485,24,Female,One year,Fiber optic,1
-1.44946920606689,-0.8485057978984498,-0.45242426480904147,2.3336701750207522,-0.7943985294165218,30.781190183567016,0,Female,One year,Fiber optic,1
-2.161562279788576,-1.1465447420118537,-0.5075313435257685,1.7926262304877976,0.3592211957577359,32.145675841161484,0,Male,One year,Fiber optic,1
4.09577813815089,2.188709246164663,1.024773800665011,-2.9009222931602006,-3.82779531465692,99.56233759058664,0,Male,One year,Fiber optic,1
-1.7802255527508812,-0.17009019945350756,0.504154550950278,0.07004796209709574,0.3098357079665669,23.4403214897276,0,Male,Month-to-month,DSL,0
2.9481381870639645,0.8867930791926263,0.7859740988654604,-1.6229225066224688,-3.588183435141854,70.20992210301324,0,Male,One year,Fiber optic,1
1.3060848638864937,-3.598473313456605,0.47729600880942324,-1.1903116200168384,0.21273885980053586,34.64047479788509,12,Male,Month-to-month,Fiber optic,0
-0.8160871273550366,1.7211230945747806,2.2567524721687664,2.591315500985414,-1.6387710424113737,24.826278362138723,12,Male,One year,Fiber optic,1
0.6117603184894727,0.6446318807366269,0.8454065567820555,-0.08345601295195704,-1.5874053957514458,31.260288768307465,12,Male,One year,Fiber optic,1
-0.43865770220627653,0.6209736448376145,0.7639453637154662,0.1469312952623245,-0.6831768496609362,32.67627706948072,0,Female,One year,Fiber optic,1
0.7588453309135597,-1.7709787291376144,0.34974781524798154,3.2365268546102177,-0.7337824730361695,62.741891760311255,12,Female,Two year,No,0
0.17267783680944548,-3.0160638578453587,-0.9899153130235488,-2.512933649376862,2.4527608084135957,75.66611371748294,12,Female,One year,Fiber optic,0
-0.11210123154999674,-0.6957934850284039,0.41809142750660166,-3.8038345702574436,-0.3493935142420243,49.698461293032565,36,Female,One year,DSL,0
-0.7358462790999583,-1.0580580649298061,1.8627596863802822,1.8899742776893065,-2.3766397332620914,62.601509884746854,0,Female,One year,Fiber optic,0
0.030485001181062676,-2.8356567626151996,-0.042267998434793036,3.523821374793718,-1.3352178859730282,58.5182998350706,0,Female,One year,No,0
-0.5781314780015177,0.7125718933923328,0.29613358988560473,-1.7482636271199132,-0.6870078027642348,31.46083740307632,12,Female,One year,DSL,0
1.6824333784981977,-0.7973189766323592,0.14198945057559278,-1.8005028940665735,-3.3065069408688608,42.954891802936544,24,Male,Month-to-month,DSL,1
-1.977443031021834,-0.6990153795813215,-2.035902570104776,-0.47342299849855296,0.5127265264635065,44.00555945218194,24,Female,One year,Fiber optic,0
3.978378259857776,1.6594807096947273,0.5475265304356202,-2.6095428675049757,-3.6041431878204926,79.2114080827677,0,Male,One year,Fiber optic,1
-2.304437421626578,0.8979170998209172,-0.5551251558036121,-2.073465086510002,2.0232257775891265,82.1426258155638,24,Female,One year,DSL,0
-1.157703884274357,-1.2814093658213215,2.3683345424004374,0.9314010661549618,-1.1885334350852568,38.4388548133721,12,Male,One year,Fiber optic,0
-3.1380412312623216,-1.0412980063280153,0.5002383506982397,-0.5943283053423924,3.707896060045022,57.16190776137723,12,Female,Month-to-month,DSL,0
-0.4632695339095444,3.803715586389681,-0.2811940121974293,0.40598866692477975,0.5955986842501276,68.70928545104138,24,Female,One year,Fiber optic,1
0.7616708639750254,0.3703763949265423,0.7462775936104097,2.0848851483915642,-2.819653538168602,40.01073079060082,24,Male,One year,Fiber optic,1
1.6012577311807723,0.8080599221000383,1.9249405131870565,1.5959084071803282,-1.6877107948647956,36.963438793059666,0,Female,One year,Fiber optic,1
-0.3508747138224908,1.2807288640202852,-0.4291822902276543,1.440161762283196,-1.0738644636438408,68.91297929725823,0,Male,Two year,Fiber optic,1
-1.7979226446087853,-2.288805883471526,3.140422910102237,-1.1488568727104247,3.106616419276582,100.57032300948237,12,Female,One year,Fiber optic,0
-1.632707628608854,-2.42796293499232,-0.23587146453367722,-1.540596501751308,-1.7388357037378601,43.02740704629454,48,Male,Two year,Fiber optic,0
-0.5499426962316207,-0.2077113880640653,0.4528743267948912,1.0627326680968945,-0.03145268211746309,32.65670227676577,0,Female,One year,Fiber optic,0
-0.4512371135599721,0.8955057661258037,1.2116396256491668,-1.4279169093598154,-0.816199197887355,67.43260926348108,24,Female,Month-to-month,DSL,0
1.135020022322832,-0.8842571293500919,-0.8653895050452268,-2.8730383049316934,-1.1286215672180433,27.749367725362674,12,Female,One year,Fiber optic,0
-0.9618425399502563,0.043675566728672566,0.6984251343843721,0.5973905076730249,-1.3589409319813688,57.65010503939739,0,Male,One year,Fiber optic,0
-1.9080414748756356,-0.24868325410579994,0.9239826791201501,1.9528907575783343,-0.2139847863725723,27.82720530743452,0,Female,One year,Fiber optic,1
-0.5085406685535077,3.1542238764386394,0.02915191232501268,-0.5622993211189349,2.013317045195125,84.28395920814863,12,Female,Two year,Fiber optic,1
0.6234383660266467,-3.217899351027593,-1.289382089103393,-2.3758927869234823,-0.10964226412325323,25.047629311582003,12,Male,One year,Fiber optic,0
-2.3798358049644928,1.4537231103073842,0.8410815386064158,2.1840192953778175,-0.6442779628694303,27.630312230062064,0,Male,Month-to-month,DSL,0
-1.8923848442426494,-0.5523406021462225,-1.2722376272319633,0.6426899967058599,-1.8435741492381046,43.812784993576315,12,Male,Month-to-month,DSL,0
2.4868100252813736,-0.08467745586564801,1.7563779876279924,-2.300769316977124,-2.7665474173413784,39.78035750850816,36,Male,One year,Fiber optic,1
-0.8207270639558095,-1.1172256261251583,-1.0851736783357446,1.287807305419883,0.05926942853718511,31.983950366742455,0,Male,One year,Fiber optic,0
-0.7220887291558349,-2.538539522068755,-1.3600235763105946,2.0556991050116724,-0.8023326013370624,39.806156067774,12,Female,Two year,Fiber optic,0
-2.775557472997746,2.3087260157770095,-1.0525230549973785,0.1850045995967602,3.2250132780815095,52.60179455672325,0,Female,Two year,Fiber optic,1
0.416028369969347,3.041395631813931,-0.6445077018756719,1.4234191042717914,-2.6422810082650927,56.567468907460736,36,Male,One year,Fiber optic,1
0.8996034379945126,0.12645147926664735,1.1842994311567254,-0.6745676346717775,-1.8949900880337935,29.39927630118737,12,Male,One year,Fiber optic,1
-2.0772166474142226,-0.06743016386685685,0.30596002443783654,-0.3212631812536335,0.9259644061156865,57.63106781849019,12,Male,One year,Fiber optic,0
-0.8879523518329367,-1.4889066014411723,-0.17952983397592046,1.5452589071667795,-2.484601751796173,44.63192659076618,12,Male,One year,Fiber optic,0
-1.032178548732071,-0.6509683829702759,-0.20850643095375032,-0.9163451133437669,0.09055135122423422,40.74199759901159,0,Female,Month-to-month,DSL,0
-0.6947870971466188,-0.7998760607065031,-1.2463934985391623,0.9747226850880873,-0.4414771959291908,34.89055730950203,0,Female,One year,Fiber optic,0
0.8624107475786114,-0.815231582868662,0.4277689443506113,2.810213528699525,-4.479496338174224,33.679130676515015,24,Female,Month-to-month,Fiber optic,1
-1.035113320990776,2.548174770892367,-1.348427512780981,-0.6274396601715557,4.05355648295429,91.47127881380402,0,Male,One year,Fiber optic,1
-3.735871917835043,-2.7283908241793737,0.047672894622295944,-1.4694557591055424,1.139873125680826,35.25931157354768,12,Female,One year,DSL,0
-1.4238792899232033,1.8627764839029115,-0.4040694502524733,-0.3734082432974828,2.4584894156584403,53.77422497694379,0,Male,Two year,Fiber optic,1
-1.0966319254074934,-0.8418454775068278,-0.9656679138472309,-0.21898453369341908,0.1353710864979584,31.10784605437585,12,Female,Two year,Fiber optic,0
-0.8562728120805019,1.5633880082646203,0.42698368386209956,-0.11056914656985195,0.21437018736281224,49.8456160194592,0,Female,One year,Fiber optic,1
-0.48315764674307116,0.5496118498842999,2.3016748520507746,-0.016390508700804496,0.35341242465171196,20.632340417694532,0,Female,One year,Fiber optic,0
-1.0148749138579418,0.8419850651331227,-0.9740601569182217,1.285182007061692,-0.4124128836763352,34.928824348052125,0,Female,Month-to-month,DSL,0
3.0761396025776375,-0.23823803713486358,2.7359601593834886,-2.8047416758052828,-3.4626553616129985,31.5829133211485,24,Male,Month-to-month,Fiber optic,1
-3.4261604080376515,-0.6380935013551567,-0.8909854419534301,0.4070102216854554,3.9343155491963864,28.744832361952156,12,Male,One year,Fiber optic,1
-1.168225795909425,-1.6580714235971086,1.283739433701408,-2.532472344647007,0.5823190604267406,44.22367093350323,36,Male,One year,Fiber optic,0
-0.9580667359286245,0.6997213431602223,1.3351046172686238,1.9005292393937498,-1.6849473713469185,36.72357115079002,12,Male,Month-to-month,Fiber optic,0
-1.5576674114238513,0.5416906000106048,-0.21795090624353872,1.240354652335633,0.3288084715469561,21.514891089102733,0,Female,One year,Fiber optic,1
-0.7150302406438933,-0.14246981014570603,0.7178462289962667,1.4921882768888093,-0.8236013795291761,27.257688267248557,12,Male,Two year,Fiber optic,1
0.699013569716604,-2.999746080498555,0.00806675941113609,1.794669066054777,-3.0624864332618476,28.15149613240568,24,Female,One year,Fiber optic,0
-2.5828176184747678,2.9163206897487095,-0.563066199795102,0.06445121468531212,4.149892846418144,76.40537098033435,0,Male,One year,Fiber optic,1
0.7663734315654227,1.541568697539565,-1.243673114188842,-0.05792134464325893,0.841108094103303,72.56644318146411,12,Male,One year,Fiber optic,1
-1.513820203850858,-0.3657561980059346,0.32638100784556046,0.8249019411001601,-0.14566660411524726,23.900184765270172,0,Male,Month-to-month,Fiber optic,0
-1.4590740756314253,0.6595172216757503,-0.6238402486872604,0.9765466694899465,0.4044930696474564,23.346504812708055,0,Female,One year,Fiber optic,1
-1.1817404156313474,-0.44209668077708475,0.46538407681917565,1.9467889929169042,-1.3240982166414654,26.140698789106352,12,Male,One year,Fiber optic,1
1.3423471933404028,-0.33230816341025227,0.44230215613534063,-1.4147759154890562,-2.2623298103799323,26.82819208688666,24,Female,One year,Fiber optic,1
-2.05300554173206,0.7168308997593359,-0.6962935790523948,2.2607049542831223,0.39224167426428336,44.97750467589659,0,Male,Two year,Fiber optic,1
1.257423056377299,-2.452974469863263,0.510098731207273,3.053181577412729,-1.3624939217204775,56.46411609024065,0,Female,Two year,No,0
-0.9749471702607168,-1.2847845425925284,1.2207151954954414,0.8210209621032927,-2.978074940289263,40.61404106874707,24,Female,Month-to-month,Fiber optic,0
3.2584853559233924,1.5708451796694591,0.9465513614234737,-2.6834560143460955,-3.1725818227858817,60.26052401985936,0,Male,One year,Fiber optic,1
-1.2458146560897219,-1.0207760036129088,-2.313859495606875,1.401371354333682,-1.3976596159491415,36.67131913037727,24,Male,One year,Fiber optic,1
1.4858297186576457,-2.2931914321900257,0.21112477684466674,-0.6797489358287224,-2.2935736316325963,29.431483674951213,24,Female,One year,Fiber optic,0
0.7569269068207598,0.485574280853732,-0.1395951271157517,0.17287517909174233,-1.071603991361144,43.08853100425044,0,Male,One year,Fiber optic,0
-0.8986947725205496,-3.090465667779253,-0.7906239912729525,-4.267346519783027,2.538377911885235,59.7603686088305,0,Female,One year,Fiber optic,0
1.0544901889440932,1.437538843288017,-1.4732066298752666,-0.12834874787097095,-2.3340822699494477,80.13947085619513,0,Male,One year,Fiber optic,1
-2.258171656214698,2.0164965159348305,0.9895993295904707,1.0148931647428476,1.8999899005344743,58.974013900496665,0,Female,One year,Fiber optic,1
-1.3803684409413008,3.8520078436200147,0.28322495861071856,-0.22099192322473837,2.927335787984602,95.52601292155867,12,Female,One year,Fiber optic,1
0.9922890183151929,-0.40851798901792513,0.9259661298522298,2.1109347925246658,-2.2247913969499082,75.09298270178304,0,Female,One year,Fiber optic,0
0.6827505659866018,0.13016916046498672,1.3727496662488734,-1.7178073586874352,-0.6445119579032,46.283335393618366,24,Female,One year,Fiber optic,1
1.1070716675178627,-0.5619526010626972,-0.9834497634779713,-2.4756937156869436,0.30596785731490733,92.38428806649775,36,Male,One year,Fiber optic,0
-3.3427277643466464,-2.2780444609920973,-0.7625814294970479,-0.5071756096816188,4.141215399342315,98.40395225606463,0,Male,One year,Fiber optic,0
-0.10833376485560697,0.6244768801100511,0.3116342988074249,-0.9251887887694705,-1.0469795265424282,77.72817963124712,36,Male,One year,Fiber optic,0
-2.5013430684576905,0.9050601543240533,2.0699477390696788,-0.45069518040139744,0.2889600280234372,20.5605040126336,0,Male,One year,DSL,0
-1.055553538374765,-2.304747813926472,0.5648641321559589,-2.47465603802626,3.124504314625476,56.48290845787085,0,Female,One year,Fiber optic,0
-1.7919957408524638,-0.6201345374241591,-0.2523534819908905,0.470934210591092,-0.7737373920560542,30.3508674944438,12,Male,One year,Fiber optic,0
-3.8904560836892466,2.162084992620885,-0.40086533500970234,-0.8530655351744199,6.920658030100187,82.44081016255785,12,Male,Two year,Fiber optic,1
1.1105144882898155,1.3820919374410043,-0.890831680130782,2.306466334966368,-2.8732698548342808,46.971671225012955,12,Female,Month-to-month,Fiber optic,1
-0.8556687758734853,-0.3349427515355041,1.2562213444413588,1.0363865003342065,0.39848575209315246,38.16703687302872,0,Male,One year,Fiber optic,1
-2.253520732640008,-0.16897455404066086,-0.5456553943625845,0.22718724364075193,3.269615595986524,41.69442929907193,0,Male,One year,Fiber optic,1
0.4030314934060295,-1.9991616606782858,-1.0149165707990837,3.7712077228428162,-2.513836120399077,75.24280932258515,0,Female,One year,Fiber optic,0
5.672057464082925,2.286517277145972,0.3901926106054028,-2.8349109409676956,-5.316686546553255,133.88933435020928,0,Male,One year,Fiber optic,1
2.583141916808932,0.9299908525890548,-0.859438186795311,-1.50969812575828,-3.7486824687263818,75.82628920245354,0,Male,One year,Fiber optic,1
-2.110408098697105,-1.5112366701961002,-0.959732334832934,-1.6639796029303437,0.15586079038454806,31.89016257521866,12,Female,One year,DSL,0
1.3881854617109362,0.02313606748982655,-0.843596612531713,2.5469711005777853,-4.265587790330784,26.940963979793608,24,Female,One year,Fiber optic,1
-1.3482021778714546,2.783210480598398,0.6838611139319919,-1.2699629651701052,-1.790421756286997,36.40775049593796,24,Female,Month-to-month,DSL,0
-0.11987049119920368,0.30405176373468557,0.027177167672463982,-0.3223901043019547,-1.6977224459624376,46.56931330807701,24,Female,One year,Fiber optic,0
-3.7794710063279986,0.8896362043524542,-1.3317474843981763,-1.3613635031261189,2.2156044164747217,66.00606870391978,12,Male,Month-to-month,DSL,0
-1.3062796990888632,0.9169812341306605,1.4824440287546365,0.07623534140439792,1.9320477257155273,37.986192995932484,0,Male,Two year,Fiber optic,1
-0.2459271452322146,2.530478735490985,1.2074257491566482,1.4141950876359848,-1.039595205549475,40.06196448690744,12,Female,One year,Fiber optic,1
-2.4084058713879815,0.8047342420875319,-1.2167856410814177,1.02139279019924,-0.3725803083722724,22.944061318854978,0,Female,Month-to-month,DSL,0
3.484801218351718,0.5902472548830164,1.3592914243365102,-4.172980505263052,-2.8352374098714304,44.74210300812328,24,Female,Month-to-month,DSL,1
-1.2264210803324291,1.7974348437123933,0.6969306349627578,-0.7895906708621273,0.0633886739591628,46.95777627628195,12,Female,One year,DSL,0
0.522277047108229,-2.285865268634212,0.8147307216216817,2.5892263780127562,-2.814474289544543,51.087355899662114,0,Female,One year,Fiber optic,0
-3.9603414651856252,0.7765853459870019,1.9440176500004416,-0.026473555227116252,4.184146921070556,41.69302210544093,0,Male,Two year,Fiber optic,1
-0.21487220621315217,-0.21433581204019014,0.44485822059832236,0.4234976583193113,-0.00484826761235763,46.59453208735378,0,Female,Two year,Fiber optic,0
-1.8594133448806507,1.8565791537928074,1.4202710852674623,0.5803800951464713,-2.286743960198997,27.344227845285573,24,Male,Month-to-month,DSL,0
-0.2252804431853186,-1.79342144277138,-1.7951291966198684,1.0682631976297583,-1.418512623225001,53.900334842538186,12,Male,Two year,Fiber optic,0
-1.354868405437771,1.2664548923220575,0.06627473734423478,1.3061810950699697,0.5286085262388576,46.98470343642005,0,Male,One year,Fiber optic,1
-0.22205244710693495,-0.036589967042017,1.1906996175550046,-0.25178771372740383,-2.22111773195914,30.344196208743387,36,Male,One year,Fiber optic,0
-0.5495644993901287,-0.3017518763955781,-0.7804046059286275,0.9229134089830348,-0.8902628767096648,47.45787691389201,0,Male,One year,Fiber optic,0
-2.2109169651377356,-0.6159492314729023,1.0199286054277548,-0.5834018490356006,1.1664580050041657,46.34187945798586,24,Male,One year,Fiber optic,0
2.670668847501701,2.6726211092576455,2.0515094640855813,-1.0503639762453598,-3.406163109944466,94.26734491934549,12,Male,Month-to-month,DSL,1
-0.5777571251785443,1.9611497383459804,-0.49244411241221675,0.6304664656173046,0.26281194493022925,36.92500136691095,12,Male,One year,Fiber optic,1
-2.6111173554460283,-1.1752263665044134,0.9497003842778697,0.13454626548992688,-0.02477344192767552,25.18599137157936,12,Male,One year,Fiber optic,0
-1.8319146892074527,-0.5526721191018773,-0.5869709860204633,-1.6152288749368053,0.3712131211074422,37.27191878368027,36,Male,One year,Fiber optic,0
-1.2517715465084485,-0.8180973329342967,0.07237551561489243,1.3726156238596259,0.9605145079806534,22.457717438704154,0,Male,One year,Fiber optic,1
-2.345882526270457,1.454075765057279,1.099415601792937,1.7553541156996573,0.5935226340941581,47.028385557589274,12,Male,One year,Fiber optic,1
1.7875534181874593,2.8112546391933964,0.16056211829741926,-2.0677048604538237,-1.085597536529442,75.95770035934731,12,Male,One year,Fiber optic,1
2.6513549298899584,3.5700248274478774,1.4381955852087482,-2.3272524991698322,-0.9305020770615567,85.89524239837661,0,Male,Two year,Fiber optic,1
-1.0058670414125688,0.08564805428735522,0.7664559598497087,-0.06935456635049198,-0.6073804458698833,31.26814121606831,0,Male,One year,Fiber optic,0
0.5692022290481139,0.025099920156019362,-0.7043603242208816,0.48748419760453965,-2.854458405915074,39.95445231051062,12,Male,Month-to-month,Fiber optic,1
-0.9940174110249664,1.0626601643905356,0.7903490086922889,0.028106867925501655,0.4373724736758423,40.47200447568051,0,Male,One year,Fiber optic,1
-1.7895186170563655,-0.25305383552135474,-0.5082651460833204,0.47976628566281254,0.8316037142745022,21.030876911939306,0,Female,One year,Fiber optic,0
0.43683662192116657,-0.23889624533943277,0.09882404501643172,3.303951959483427,-6.502166406753009,49.39051444656208,36,Female,Month-to-month,Fiber optic,1
-1.138377114903066,-1.4396318216690536,0.7470588278241231,0.509245496965754,-0.35495178851401465,63.92273299750877,36,Female,One year,Fiber optic,1
-2.653410760759484,-0.04800623504591184,-0.9346089125902313,-1.2079874810035074,1.4590652336033239,25.38583980224049,0,Male,Month-to-month,DSL,0
1.8281922746809274,1.0992378735059938,-1.4292668796711452,-1.1267784386603363,-1.9421774096991997,62.684937803208825,0,Male,One year,Fiber optic,1
0.8256885251725807,-2.02818836618025,0.30955564676715147,3.899888595477664,1.3635049163231416,39.36235606539454,24,Male,Two year,No,0
-0.8962745210041841,-1.5828879839389307,-0.6047188666354779,1.6341251167739062,-1.4458897852719672,64.3017798553233,0,Male,One year,Fiber optic,0
0.9069985025561018,1.4388124380515916,-0.5859507687138121,-0.6568498077631875,-1.8924966214928591,62.55727041712787,0,Male,One year,Fiber optic,1
-2.696776496648245,-1.2907687229479023,-0.23086411119793532,-1.549685346186421,3.0225235206977774,66.86080206050924,12,Female,One year,Fiber optic,0
0.3541304793001496,0.28591255981480734,-2.22834243994978,-0.4766699472160081,-1.9167867277289807,38.394426458958065,12,Male,One year,Fiber optic,1
-0.059281390489214436,-1.046509140893059,-0.15920171158663962,3.0401396246103207,-2.526635450695262,81.13448637964922,0,Male,One year,Fiber optic,0
-2.339207461796369,1.5193921663952725,1.118912271707174,0.5622412732183573,3.132183686449298,68.64717118554915,0,Male,One year,Fiber optic,1
-1.7338820418262986,-1.1050080588305453,-0.19052518962003717,0.4901464183930777,-1.128233188866246,27.751359223040044,12,Male,One year,Fiber optic,0
0.6368049062633994,1.3671023676964298,0.20783838336407062,0.018107619297647704,-1.6899730373631392,81.9610519275985,0,Female,One year,Fiber optic,1
2.8619354029525073,1.0487090086937818,-1.051547558340161,-2.156837236642225,-3.090203320487135,48.515332199392454,12,Female,One year,Fiber optic,1
-2.8913172030904435,1.2464923570984268,-0.9062181261926946,-2.8108002778701233,0.045909775946182674,42.368968849505194,24,Male,One year,DSL,0
-4.067200803918591,0.644788560728039,-0.8274767512618295,-0.7738751936921893,5.286928582082567,54.34124618811873,0,Female,Two year,Fiber optic,1
-1.7485604402869765,-1.6201944207078167,1.284080276542287,0.5664989094000645,-1.6938213644876268,52.73517539567048,24,Female,One year,Fiber optic,0
-1.887306130960026,1.576742746853481,0.3010012339184757,0.7521163541633796,1.9846160948059384,44.58434101818775,0,Male,One year,Fiber optic,1
1.6396336743719861,0.9329237420669518,-1.4366517921792459,1.1329278496494828,-1.9446461451719967,43.402963053327305,12,Male,One year,Fiber optic,1
-1.6201831743916235,-1.3446409493211662,0.9230334372357293,-0.8959805483376825,-0.7539961092861881,50.052553307293515,0,Male,One year,DSL,0
-0.26532143359233396,-2.276488702115323,0.033567648069006084,4.018719119678487,0.12113069639851622,34.974473537460206,12,Male,One year,No,0
0.38876984872119147,1.769374835419086,1.0867589770265649,0.6404416447247121,-0.9167258016729751,28.07575396546803,12,Male,One year,Fiber optic,1
-0.16306978213070378,-0.27979174589545996,-1.7577874239420725,-1.8835761201212495,0.15045962817849443,38.07981226361869,24,Male,Two year,Fiber optic,0
-2.753704307318287,0.3264233636665662,2.010903035413434,0.5907170720930381,3.374494470721443,27.507904900108596,12,Female,One year,Fiber optic,1
-3.270023781192193,2.585552325461298,-0.2418179125289801,-0.06789811440612947,3.0375272618093803,61.588140236763934,12,Male,Two year,Fiber optic,1
-2.291331901784978,1.3601224404903824,-1.5882270987078202,-0.41301674330505866,0.7017704716996099,57.23298912365918,12,Female,Month-to-month,DSL,0
-1.780778219714256,-0.7641713031369552,-1.7931535024541505,0.7297113312038707,-2.0357477068645258,58.330213252365226,12,Female,One year,Fiber optic,0
0.5833213111491731,-0.9013580799995821,1.2366197421429752,-1.3358001157833859,-2.4040059376646847,62.75074038864739,0,Female,Month-to-month,DSL,0
-2.64399046035064,1.870680794963858,-0.015865918453513532,0.2945733008277446,4.0730858338127955,70.70783329622904,0,Female,One year,Fiber optic,1
-2.546550594732076,-1.5874968711998707,-0.9764255397315984,-1.3042004963691172,-4.778367194177825,53.82018709830176,60,Male,Month-to-month,DSL,0
-1.8561087490231736,-0.4660312850126791,-0.943940643332437,1.9813189554878061,-0.3418621205054398,39.43176614636057,0,Male,One year,Fiber optic,1
2.2220496362935824,1.7712630352330603,-1.1546369488847281,-1.2479303748419788,-3.159451839774348,80.3982803067382,0,Female,Month-to-month,DSL,1
-0.15729759555844713,-0.9254533637375676,-0.6519521540233857,0.815748949967394,-0.8153865089322947,27.24397014074009,12,Female,One year,Fiber optic,0
-0.5920458608022552,1.0786956865978365,0.0690035007370614,1.106142456363667,-1.0032802317069438,60.132694338408726,0,Female,One year,Fiber optic,1
-0.25542759197477805,-4.152342307800298,0.684104990934741,-2.9148102456298,1.5082622535559425,47.49146853167373,12,Male,One year,Fiber optic,0
-1.8851668680576221,0.6776097610828944,0.3587361439966162,1.2008039320337809,-0.5305450432275619,29.27621050935418,0,Male,Month-to-month,DSL,0
0.7419469850850589,1.6349599777651207,-0.7274657062336721,2.2988733944277264,-4.784914601780551,33.0309109474367,48,Female,One year,Fiber optic,1
-4.3689308380484135,0.1854705159392248,-1.6963162351162222,1.6847060454406857,1.9804216748961907,20.342047475212283,0,Male,One year,Fiber optic,1
-1.6724071096473079,-1.5660414288129116,-1.0622403173432842,2.8613318260581613,-0.12583627716464532,38.21832590688493,0,Female,One year,Fiber optic,0
0.46933014666829065,2.307051507769451,0.032835809101306665,-0.26981002645872154,-1.0600691343792112,90.36642126108971,12,Male,One year,Fiber optic,1
-1.1383494285757443,-2.6406411168137787,-0.5867447607300117,1.5334869818259746,-1.146738816399751,37.916850127401325,24,Male,Two year,Fiber optic,0
5.166341916265453,1.6892709339063288,1.4844340384402286,-4.346619088880537,-3.748654222411325,56.547691790067304,24,Female,One year,Fiber optic,1
-0.5612198420932699,1.4458076543605605,-0.21796838496072934,2.6165549269655526,-4.486386662153415,34.65591881845188,48,Female,Month-to-month,Fiber optic,1
4.581076062725312,1.1904426231172511,0.3727941585292059,-2.9725327345038064,-4.72759318830492,79.3136429559311,12,Male,One year,Fiber optic,1
-2.2492095955692024,1.5524640534907124,-0.21450256682421934,-2.8839270072988574,2.3915475261675496,73.95121613588806,24,Male,One year,DSL,0
-0.2957486708786775,-2.2446493822856217,-1.5843275778483972,-1.1796768138938638,1.3663101761919954,65.19100612910798,12,Male,One year,Fiber optic,0
2.132149138676094,0.6666490709742775,0.7463732418253723,-0.9019437250335628,-3.059969012690387,78.31987422882224,0,Female,One year,Fiber optic,1
-2.492797139219171,0.521183478370397,-0.692943230147068,-0.2392715028457546,0.007010560684261712,20.29877558177794,12,Male,Month-to-month,DSL,0
-1.3669322457104713,0.10290473049237536,0.3444449443505802,0.05615960862276603,-0.4682816884696063,21.41296603149553,0,Male,Month-to-month,DSL,0
2.654838879088234,1.3268101311978608,-0.254374417026562,-3.3581003717766644,-2.256332432069793,38.205510860378446,12,Male,One year,Fiber optic,1
-0.21962037629359388,-2.196796370998415,-1.8355704768708747,-1.0417219181084383,1.178980957985504,46.285255483768424,0,Female,One year,Fiber optic,0
1.8092883819016916,0.07057122864992704,-0.8879629366016216,-2.308868266596641,-2.1395940493782866,35.89577824939552,24,Male,One year,Fiber optic,1
-1.6240922895363377,-1.623190113685657,-0.7920035740952445,0.44937927832751734,-1.276600597192864,30.969541551909202,24,Female,One year,Fiber optic,0
-0.668222425613382,-2.4964223220544204,-1.2519222604734526,2.0531633736468544,1.4882455970699948,35.5565949523573,0,Male,Two year,No,0
-1.1490210114794663,-0.5884067849452806,-0.010556434880853317,2.2711219672534506,-2.226312696710128,60.30104608506147,0,Male,Month-to-month,Fiber optic,0
1.1457912570185007,-6.451058495493268,-0.3583944830280237,-2.1039313044321064,1.0635874394896607,60.62677885751489,0,Female,One year,Fiber optic,0
-1.8845025824124022,1.3881667653029348,0.03395688516516826,-0.6057898229984533,-1.3121447839518816,32.221511937862765,24,Female,Month-to-month,DSL,0
0.4511413720163113,-4.563198206117008,2.524509276607495,4.914110084702601,-1.4653978707443842,51.438748193612824,0,Male,Two year,No,0
-2.4083836432099077,0.39987257585219327,-1.8437529587926298,2.3982887136848934,0.6680029604785743,42.737190103908944,0,Female,Two year,Fiber optic,1
0.20281908952868566,-2.086747186691917,1.4812365916235948,1.6116264392331576,-2.0027335307491194,56.54930907185721,12,Male,Two year,Fiber optic,0
-1.7117573903210368,-2.779982288677851,0.4955165241448958,-1.7486993339705554,1.1252897705177873,59.76851798739631,0,Female,One year,Fiber optic,0
-2.4650776952064684,-1.4436596339418704,-0.13850102193995345,0.9796452378588463,1.8877814758860993,36.674794636355514,0,Male,One year,Fiber optic,0
-0.26136262792412024,-0.39008875292874534,0.4219688214334575,0.8615951724612958,-1.3329615886564536,53.535757232512545,0,Female,One year,Fiber optic,0
0.12059228114377274,-0.46019126500875984,-1.2901674144514568,2.78958689030783,-4.2113760052155085,29.530071169139394,24,Male,Month-to-month,Fiber optic,1
1.2059211460078747,-3.8446341249990676,-0.3039226476153726,-2.6611320843856365,0.1789629363132689,61.29334756360977,24,Female,One year,Fiber optic,0
-2.40233625247109,0.20915120904638673,-0.8483665364230907,-1.120804459491056,1.0819765660080198,83.41894863582998,24,Female,Month-to-month,DSL,0
3.4308092899213243,-0.9484239896852493,-1.7302221261454855,-3.7702627049140593,-3.271833983105316,62.23134550076133,48,Female,One year,Fiber optic,1
0.08035320628730291,1.5347166357221875,0.7034935227111718,1.2270185620496186,-1.6091576934268592,38.590795752114865,24,Male,One year,Fiber optic,1
-0.6981297440963405,-0.6977061764608812,-0.8839898989220014,0.7023936902971846,1.9176349280132825,25.890852375271606,12,Female,One year,Fiber optic,1
-1.7155957001626363,-0.5031078823421828,1.1728942786314784,-1.0330855928989702,2.165155498571031,77.24183859402541,0,Male,Month-to-month,DSL,0
1.0892107429149356,0.25670996156965187,0.6543556905962175,-1.4064801633375825,-1.3996707752716115,24.402507824233123,12,Male,One year,Fiber optic,1
0.8812592378232317,0.9879654330400038,-0.8590773163652565,-0.8365579011310667,-1.6687538388312084,30.347714117880884,0,Male,One year,Fiber optic,1
-4.143427643275958,0.9107137687196577,1.4350654120021116,0.35677129080961334,6.1434332331167605,54.74687488510661,24,Male,One year,Fiber optic,1
-1.3523886907403626,0.3274542668626532,-0.6427215938827137,1.0557889192496202,0.8677129628534935,40.73345661921236,0,Male,One year,Fiber optic,1
3.4522480155468322,1.9071524279196177,2.220321858004882,-1.7245600205022182,-3.6723235192716035,94.29109197834703,0,Male,One year,Fiber optic,1
2.4581442014123085,-3.239344711158282,-1.269923087327547,-2.761492922833579,-0.5431733778472717,60.29275055322337,24,Male,One year,Fiber optic,0
-0.9015132953636631,0.6956151024544135,0.342853465781648,1.216238919598074,-0.38436790612114036,35.59140863966354,12,Male,One year,Fiber optic,1
-1.8238891252201794,-1.5417612742666287,0.13551800279179543,1.2368581478992282,-1.3937275202376729,42.418219136718115,12,Female,One year,Fiber optic,0
-0.4408218171456918,-1.118787326991701,-0.82830253957689,2.034558054159678,-2.319786628261854,97.43605434736673,0,Female,One year,Fiber optic,0
0.13977640599675456,0.2581342382129008,-0.7036364441092297,-0.6107211051951913,-0.6790646769351716,38.37774894753438,12,Male,One year,Fiber optic,1
-1.0631607134283234,-0.2775943375872658,0.16696762333416318,1.090651463532342,-0.19846241487198962,26.377891122198847,24,Male,Two year,Fiber optic,1
-0.7434011944963914,-1.100892083639012,0.7076782440272429,2.014892133265806,0.974041469955353,36.17578094493118,12,Male,One year,Fiber optic,0
4.700984282430735,1.7536934414428873,0.5736569632767152,-4.084055247765374,-3.986536448459253,50.88510601039654,12,Male,One year,Fiber optic,1
-1.8012099120367489,-0.3700987618541235,0.3583340711969214,-0.5313480858504662,2.058763531265404,40.75059568301951,0,Female,One year,Fiber optic,0
1.6623867978623932,-0.6647025923075189,-0.7531889127884663,-1.0234431859773256,-2.7130802599250994,20.821446596158076,24,Female,One year,Fiber optic,1
-1.7458256461061077,-1.6375225250021586,0.22706305314414962,1.9433060810235174,-2.551479032658602,53.313977876599886,12,Female,Month-to-month,Fiber optic,0
1.090242801079826,-0.4052039639077323,-0.8027217162249164,2.6676319852104924,-1.3680522873482082,57.444972189039724,12,Male,One year,Fiber optic,0
-1.6943933421988682,-1.452326995358629,-0.8924649677156576,2.0800744724446667,0.005324680781824005,36.688378992827616,0,Male,One year,Fiber optic,1
0.5031766838577458,-2.4535328234267855,0.24581922181638913,3.7351329860344253,-1.6243218745117525,72.61537598775861,0,Female,Two year,No,0
-2.065310973680927,0.7218356988619146,-0.5842290931920854,0.8819106437595448,0.997690087676412,28.78920652927698,0,Male,One year,Fiber optic,1
1.371844587758053,2.859611023307812,-2.39198188955614,-1.7336616087980943,-0.6222942754754677,66.87960251628971,0,Male,One year,Fiber optic,1
0.9577621072020804,-0.48205516567022433,-1.999986560310291,-1.1834839396640544,-1.4464460101492604,48.30438732468131,36,Female,One year,Fiber optic,1
-0.31587277165282934,0.10868204369139933,0.54286372035822,2.2396716141531385,-2.8236631264069745,20.478087682818305,24,Female,One year,Fiber optic,1
3.016550922687833,0.7226254431420418,-0.22492023093552177,-2.4938757606751882,-3.3658729012092548,36.75199048617158,24,Female,One year,Fiber optic,1
2.0002741102550994,0.9858607491549672,-1.5074989166017505,-2.0331937045508806,-2.1425192464691465,35.283997100858365,12,Male,One year,Fiber optic,1
1.5631627348330053,0.9713837952926723,1.1176324416039574,-1.2703621319305762,-1.5697974875133396,29.449040142792832,12,Male,One year,Fiber optic,1
-1.5627748756571767,-1.1366737597638683,1.2371509754787164,-1.899707364647543,1.9397011598795806,34.62496217215829,0,Male,One year,Fiber optic,0
-1.1831631767147737,-0.5003150864397166,2.5032378050694883,0.6669248796726044,-0.514934404969365,34.806353979564435,0,Male,One year,Fiber optic,0
-1.7812892300624572,0.17840057493842698,0.8995987379794065,-0.6673465602592115,1.9067963451176506,69.28422019110283,0,Male,One year,DSL,0
-3.4611546146768886,0.4099996227626552,0.47321706581198286,0.5168071211795756,2.780254537802836,34.2112392688051,0,Male,One year,DSL,0
-1.1919927150852774,-0.9060319658681333,-0.8320704677327967,2.2964106212453226,0.2610866419231297,25.9783327962455,0,Female,One year,Fiber optic,0
-1.01988448867172,-0.531463006958353,-0.5300107587799662,1.3189567864465284,0.9010224523547872,21.361784123286476,0,Female,One year,Fiber optic,1
-1.3796873339369737,0.6253969780201838,0.7515632254021709,-0.8147696615799691,0.1375045741512618,55.4021681908779,12,Male,Month-to-month,DSL,0
-1.0347542769625426,-0.5463444200784491,0.48292994517758675,-2.1761196572278285,0.4338491210636117,66.00094185884011,24,Male,One year,Fiber optic,0
-2.1413381996545024,0.04697959742340818,-1.1074614086276906,0.8749958133675388,1.5531037593736674,65.34390110854949,0,Male,One year,Fiber optic,0
0.1134854988598556,1.749842715618414,-0.9896592875112686,0.5093710468630908,-0.7099474993130164,68.68213504717248,0,Female,Two year,Fiber optic,1
-2.6118542484493594,2.156931305159066,0.8719934654268633,-0.7630841158210511,5.125735499946301,75.18256021152564,0,Female,Two year,Fiber optic,1
-1.3426070379761474,-0.1877349086685416,0.10650540141918646,2.0188208690423486,-2.050630755830591,71.17826689015703,0,Female,Month-to-month,Fiber optic,0
-0.3845014393245083,0.6773765561450615,0.003197990615288395,1.558313051676303,-1.6613244787310466,47.507677580366554,0,Female,Month-to-month,Fiber optic,0
-0.16040052923622528,-2.3590925273959287,0.9243573680260055,4.215338599911455,-0.5622416978155342,31.636772706199388,12,Male,One year,Fiber optic,0
-1.9058706825069236,-0.1311839796745239,0.6476059825670705,-2.2617656225433764,0.003552716780447369,54.843635269747054,36,Male,One year,DSL,0
-3.1127668777121165,-1.0478125254318185,-0.39030414911169925,1.0022083606175125,1.7927597705800362,22.470033783255168,0,Male,One year,Fiber optic,1
-2.926533782831489,1.7520989720980795,1.2849797147621682,0.5963577643167886,3.412134714917249,39.71450572152995,0,Female,One year,Fiber optic,1
-0.3346113855959816,-0.9660065615062565,0.0220677009368635,-0.48791998587568586,-0.17975267562376346,51.84913320407071,36,Female,Two year,Fiber optic,1
-3.830887583519823,1.0308921508551259,-2.8439436647717677,-1.1751469180751806,7.078368957129887,72.88287312622116,12,Female,Two year,Fiber optic,1
-0.8036455325334937,-2.0414795369987186,-0.8142046773853758,-2.5904759259655163,1.2736238842108552,58.901264039194885,24,Female,One year,Fiber optic,0
-4.7156555088062735,2.9522517934745136,-0.9624988349193223,-0.45278099190108256,8.146430029184913,78.89415824613124,24,Male,Two year,Fiber optic,1
0.5457625379408877,-1.604052994181111,-0.9614718135105067,3.08942824306616,-1.662752717644994,76.14851435543565,0,Female,One year,No,0
0.809078288552769,-1.2234977120454338,0.5135213692547353,3.7185084953743672,-2.010549621363249,62.08677982351425,12,Male,One year,Fiber optic,0
-1.420458271645368,-1.4005451255962091,0.7936392943301029,3.3413379621138786,-4.238341778482018,71.66667677735734,12,Female,One year,Fiber optic,1
-0.6484905190960089,-0.48979710456722025,-0.08654616068060293,2.710490432656811,-3.178046957454226,49.90006693972588,12,Male,One year,Fiber optic,1
1.3278173744523971,-4.39929112301369,0.576228719595626,-1.4459919947149245,0.5460639212516138,43.54458633984457,0,Female,One year,Fiber optic,0
3.171241189057147,1.6672174371127362,0.7641876161355642,-1.935443970548246,-3.136129616163413,78.3404351697988,0,Male,One year,Fiber optic,1
-2.42965865280852,0.14795872767857665,1.4399540414286307,1.6883292398931053,0.5922264152951418,23.085774968919992,12,Male,One year,Fiber optic,1
0.5390573309399631,-2.5301986013918443,1.5731360220429027,3.3088335837865457,-3.9430569234148822,70.09744179535173,0,Male,Month-to-month,Fiber optic,1
-1.022081524377283,-0.681105884364206,-0.38738174501471484,0.7145793621955019,0.24092532085809606,22.91744248644814,0,Male,One year,Fiber optic,0
-0.70993846264909,-1.664590029233346,1.8224633429937909,-0.8047255865179823,0.7049164644803558,45.791591077089805,12,Female,One year,Fiber optic,0
0.007221572574889423,-2.0506967503286875,1.507707699313365,-1.7705613300688092,0.6585061353440752,63.54801181486805,24,Female,One year,Fiber optic,0
-0.6094124611336271,0.4613105991973754,-0.4042782442120789,0.613765792099897,0.6908767714835063,45.113866043737744,0,Female,One year,Fiber optic,1
-1.522257540730442,-1.3940897645781507,0.010487982673875443,2.4145161575830483,0.06925440611169306,52.74022936018165,0,Female,One year,Fiber optic,0
-0.9281014870606668,0.3725176071616436,1.3493239278107392,-0.011156348961045781,-2.2450466987887565,75.64205791302614,12,Male,One year,Fiber optic,0
-3.623248189721305,2.3454160260219217,0.9384114238732918,-3.0626767322031307,0.1575042086238669,27.0047313423544,36,Male,One year,DSL,0
2.708685601598443,1.1559612909221841,-1.1289632651331654,-2.2377192950853617,-2.1854226743420067,54.31125188998381,12,Male,Two year,Fiber optic,1
-1.4267325119754821,2.0128417499551605,-0.5167091094298853,1.3768646512895206,0.8757563261159812,54.43127309084156,0,Female,One year,Fiber optic,1
-1.3196114027542762,0.2705392017420122,0.3017919306528728,-0.08426722639835771,0.9226916556990714,44.04576983998091,12,Female,One year,Fiber optic,1
-1.7715570746033762,-0.7214932504176174,-0.08541883283306649,-1.053227794510126,1.4038718476475585,39.92892487361145,0,Male,One year,Fiber optic,0
0.37621549040178137,1.0096474539697105,-1.1027763738203191,-0.91083234038062,0.3390024037593433,25.779282581327855,0,Female,Two year,Fiber optic,0
1.7569680293500491,1.9096165243051904,0.37912363306923735,2.2917679038681023,-3.735373677199478,50.2505655129008,24,Female,One year,Fiber optic,1
-2.044029994443769,0.7258913726012899,-0.782179453952634,-2.9489769746651864,-3.902419187922881,61.326598253174396,48,Female,One year,DSL,0
-0.8970656685736393,-1.2193734718259963,0.21856888887371573,1.8312947836374818,0.5764524258996213,32.204350234310596,0,Male,Two year,Fiber optic,0
0.5555221016641498,-1.418607308874742,-0.3469734531051173,-3.5321930307062455,-1.535831597322243,28.45686772256133,24,Female,One year,DSL,0
0.07862323597764476,1.015137265644186,0.4888458898129879,0.06831242609411992,-1.0135961997102099,56.566755577311156,0,Male,One year,Fiber optic,1
-0.6367804791883065,4.233779914837369,-0.8562881236602804,0.3620588058644234,-0.13994480999163136,76.7915505040095,36,Female,One year,Fiber optic,1
3.465876442840427,1.2156067480621664,-0.8859349254651108,-2.3621619923200785,-3.229797030495553,65.72644890364055,12,Male,One year,Fiber optic,1
-0.25940079481643186,-1.8605881956336527,-0.34130451466005923,1.0198136170281575,-3.069353478064387,53.73781460473355,24,Female,One year,Fiber optic,0
-3.1888536123113416,4.203220446648723,0.7540858050384984,3.244474117920766,-2.108485335184945,24.65445198102749,24,Female,Month-to-month,DSL,0
4.566672567634042,1.2303517554764303,-0.4472451047873071,3.026573959967768,-8.97832661444821,24.85815486567603,48,Male,Month-to-month,Fiber optic,1
1.32858071957207,1.248252082966644,1.5065286363122667,-0.6840774909182219,-2.2156623622394336,62.61481083394608,0,Female,One year,Fiber optic,1
-0.5606515998388568,-2.181569027627038,1.444850287259808,0.3673150970918635,-2.290763868130342,62.3675574317932,36,Male,Month-to-month,Fiber optic,1
0.9957740744279193,-2.3201733907634012,0.5356540513524743,2.49183390699449,-3.4434444848012307,49.38588917252758,0,Female,One year,Fiber optic,1
1.3519587669232593,-1.3581779934516875,-0.3706979152161819,-0.8450372850054342,-1.9650307528001991,28.630257172603393,12,Male,Month-to-month,Fiber optic,0
-2.6479616495742992,-1.138955797231735,-0.7155444197585275,1.8393331370943606,0.04820123672508303,44.39047166343319,0,Male,One year,Fiber optic,1
-2.251767512442448,-0.4266918552826231,-0.0875535464534396,0.3170699188031476,0.5913545527251584,28.275832322033082,0,Female,One year,Fiber optic,0
-1.1388264422893777,-1.5866056889463018,-0.6903518661262891,2.6217629743270225,-0.567636470695554,32.962320809648816,0,Female,One year,Fiber optic,0
-0.47879879387790003,-1.106184132209733,-0.2368520491221783,1.6757843590254944,-2.394515096822652,46.270238846055136,12,Female,One year,Fiber optic,0
-2.5884245568450766,0.9689307955990363,1.3888001036195767,0.008458362417269272,4.846429839662202,53.20803568110346,12,Female,One year,Fiber optic,1
-3.376940541914477,2.438910819483696,-0.1752433629643115,-0.17033131974086635,-0.29080703367568045,31.61464967255514,12,Female,Month-to-month,DSL,0
-1.1168229537632828,-1.8010528463486928,0.1710394926371468,0.7894231641842239,0.5526699037491457,41.16187168254648,0,Male,One year,Fiber optic,1
0.3575342986178236,0.2480870179619622,-0.6107626557317373,-1.2196709173733518,-0.6334275082711162,33.206429364448695,24,Male,One year,Fiber optic,1
-0.6612545210062784,0.3919745624195161,0.31312341719299164,0.8679023567310298,0.15065636287569845,26.992444740101458,0,Male,One year,Fiber optic,1
-0.15330338679777133,1.6305103694647962,0.21743908072584237,-0.6355184841145258,0.49719262660272656,32.18336332579126,0,Male,Two year,Fiber optic,1
-0.6869273267266014,-2.8007139721167063,1.351088946337002,-2.328709498884102,0.5247540902622729,52.20144538789151,36,Male,One year,Fiber optic,0
-1.894274114422584,-0.8062499271705132,1.0581361125674218,1.6356789057588412,-0.9068842816876389,23.22424363302595,0,Female,Month-to-month,DSL,0
0.6109351584840167,2.778805478703309,-0.8012203598128833,-0.5573826406988716,0.16859613578020904,63.29918622279743,0,Male,Two year,Fiber optic,1
-0.22153460716224016,0.6953393821208145,0.472953564713271,-1.4028737189156368,0.12884725698588398,56.751162429993926,24,Female,One year,Fiber optic,1
-2.3454812532371383,-0.48130345911429706,1.1706787887065004,-0.5993234329448648,3.5245230327711345,71.746669987737,0,Female,One year,Fiber optic,0
0.9008447833927087,2.600374694367096,-0.39130310394045986,0.7479177013972882,-0.6384180737276905,47.83351536802493,12,Female,One year,Fiber optic,1
-1.091600678434016,-1.2495764284591746,-0.8963333329719959,1.127153303009986,-2.2409070621566594,59.92911969302017,12,Female,One year,Fiber optic,0
2.960762415921484,-0.24568935619865284,0.8564598131487865,-1.8154740063577357,-4.009097573190547,24.492334040442202,24,Female,One year,Fiber optic,1
2.2216544308069404,1.43342770278685,0.09238145899896975,-1.5414330609667473,-2.411760204873211,51.059906301529104,12,Female,One year,Fiber optic,1
-3.0358949184714596,0.253238701579228,-0.672218872552405,0.4659463235836009,4.420984297686156,34.14887395468593,12,Male,One year,Fiber optic,1
-0.7149823361396077,0.9516895916869774,1.783114519992506,-0.012025831043180557,0.429811774356025,26.03147295045553,0,Male,Two year,Fiber optic,1
0.09637840447131674,2.832563530966351,0.14358982547949223,-0.17185048099504718,-0.15934168336374338,92.76857189464111,12,Female,Two year,Fiber optic,1
-1.2960278626224109,0.10617051678669642,-1.8858646178642093,0.8741885179464408,-0.9352560896769065,21.568132105974364,12,Female,One year,Fiber optic,1
0.027976621438483118,-1.4947627393368066,-0.11038318064603528,1.9862498324574713,-2.9856013453789023,38.26272773678948,12,Male,One year,Fiber optic,1
-0.7388294711938793,-1.0186338700582047,0.47868118065093707,1.8349231267199828,-0.7065209056114297,28.17863295794561,0,Male,One year,Fiber optic,0
1.4259682844598363,-0.1375540132615669,-1.4762304803093984,2.1679590634137327,-5.735630680399803,20.711901949756207,48,Male,One year,Fiber optic,1
-1.1153559140417464,2.275072624382373,-1.1955753282234454,1.2572671698237197,0.1301131159734895,56.687938922124204,12,Female,One year,Fiber optic,1
-0.010101213608243453,1.053383076841083,0.7884989473510197,0.2222299015635354,0.5758290827365998,46.025175879913796,12,Male,One year,Fiber optic,1
0.728718023053569,-1.471490203492968,0.34964975714747387,0.34349937233224503,-3.472303847583196,21.385586794260178,24,Male,Month-to-month,Fiber optic,1
-2.7989870709958815,2.51489079747922,0.7750894117456407,-0.8824733959066786,4.208679959280653,66.76298275446317,0,Male,Two year,Fiber optic,1
-1.8582739257993732,-0.737739935475316,0.6362358284303241,1.406363676837438,0.333327267181356,56.143313442105274,0,Male,One year,Fiber optic,1
2.867688648069449,1.6350893799743518,-0.5913493797982777,-1.611007441239984,-3.3138716306781157,77.49257654753553,0,Male,One year,Fiber optic,1
0.5746035580599764,-1.363758190003812,0.8884469303585544,2.178290371202235,-0.1058575727495749,38.22064328785237,0,Female,Two year,No,0
-2.0051672364481634,-0.6433519027681674,0.3689172029082467,0.8495902744886061,-2.3113273693597467,44.097898369724284,12,Male,Month-to-month,DSL,0
-2.046303102654297,-2.177631399118539,0.1980569258851502,0.5643474371715764,-1.7835258428431575,42.892047733662096,24,Female,One year,Fiber optic,0
3.8162244580976505,2.028639881358613,-0.8906960852622773,-4.49386045803468,-2.238437329651194,35.01856736921013,12,Male,One year,Fiber optic,1
-1.0306815420567554,-0.7018169567409951,1.6516389486858793,0.999050254274938,0.38016242788231497,21.287575629193046,0,Female,One year,Fiber optic,1
-1.44934646465988,-3.1561011164760946,0.6673552844546782,-0.8053147065410912,0.582563531593488,49.610212118529155,0,Male,One year,Fiber optic,0
1.9848083527838942,-2.144497286691953,-1.1046683561021067,-1.5461715758877226,-2.177875764967396,29.93971716000648,12,Male,One year,Fiber optic,0
-1.7042488175740904,-2.0579445321767986,-0.860523867981239,2.2495532757150065,-0.8696533605976183,45.212260427175416,0,Female,One year,Fiber optic,0
0.7504432475749048,1.196671730574667,0.9595080570233295,1.5756477799098492,-3.0546750515427337,23.428691324292842,24,Male,One year,Fiber optic,1
-0.33431276769665086,0.9424623697153156,-1.1467830986265493,1.6783568840861527,-0.6717861918363088,32.25216566446974,0,Female,One year,Fiber optic,1
4.344356627726011,2.167550060044406,-1.839637872562303,-3.400474702808784,-2.966381829278851,77.3537052166135,12,Female,Two year,Fiber optic,1
-0.8541022969272722,1.9386275190267837,-0.9044005023308694,-0.2530648680845501,1.1501274704470559,42.844279526545236,0,Female,Two year,Fiber optic,1
-3.1607304989944733,1.6789797670753592,0.35747018584872403,1.3128444175223863,2.6093353793889005,42.70222507291883,0,Male,One year,Fiber optic,1
-1.945847707248268,0.6682955902312862,-0.39126771490754075,-0.089394672439431,4.317802568261157,64.34329058505482,12,Female,One year,Fiber optic,1
-0.6819970600361106,2.121354154152207,0.11352149647794171,-0.4506319216630823,3.406382918947712,79.74928397008497,0,Male,One year,Fiber optic,1
1.6724339254874745,1.5707822969125924,-0.9891545179929867,-1.6354607060577986,-1.805838638387653,46.64138016534051,0,Female,One year,Fiber optic,1
-0.9725405673946825,-0.37555829864525425,-0.1846109944370498,0.6495852066763614,-1.2830076686205811,63.50173202998819,0,Female,One year,Fiber optic,0
-3.8638724883561704,1.630740265880108,-0.18526591493035816,1.0436695711582495,1.8188293024458833,73.27578550525914,12,Female,Month-to-month,DSL,0
-3.184693024358091,-0.7504896848956804,-0.2858722549791206,1.7432182385334372,1.635358830316745,53.607127923506646,24,Male,Two year,Fiber optic,1
0.7695006474159023,-4.030465793404032,0.8549446510561495,-1.2482838421960065,-2.267697619822574,56.766508094186214,0,Male,Month-to-month,Fiber optic,0
-1.7096163107704774,0.030482918628258693,-0.3207463714788462,0.8284764485810476,0.2964551278661893,39.807119820625275,12,Male,One year,Fiber optic,1
-0.3418650661967413,0.9010001359203335,1.9008318150657448,0.19486560535479058,-0.9311251190034988,42.15441295198154,0,Male,One year,Fiber optic,1
-0.5682953962660603,0.5572831048170814,0.7370706706176718,1.8862763758838377,-2.734907306905136,29.11380882836063,24,Female,One year,Fiber optic,1
0.4307850660602832,1.239520700241266,-1.537026001127929,0.625299442631176,-0.9504373051294625,58.41176843031847,0,Male,One year,Fiber optic,0
-0.6005483143229167,-0.7850787954649947,0.2638884943500218,0.9435432515326218,-2.2046424983256987,61.353385301889304,12,Female,One year,Fiber optic,0
-0.5371652621071714,1.1762843075687552,-1.1392861592102679,-1.92477013383527,-0.6724846190733953,67.13040024015339,48,Male,One year,Fiber optic,0
3.2050265606734136,3.217045930749785,0.5436541282806068,-2.591175053516639,-2.5870626865936313,106.20001584026457,12,Male,One year,Fiber optic,1
-2.4300165700620227,0.017821636167855814,-1.066363075384819,1.0777581724718308,2.4259749828462978,24.57434646766191,0,Female,One year,Fiber optic,1
1.4229574431914478,0.5807668440531657,-0.8337472407191158,1.1672590441068873,-2.671901478496564,45.486067258056906,24,Female,One year,Fiber optic,1
-1.3083448028963247,0.36390046353421834,0.6940326109679394,0.27847776605153407,1.549430181290711,27.910343204046683,0,Female,One year,Fiber optic,1
-0.8566791939215341,-1.4916609525165336,-0.65079365506846,0.39570517190656906,-2.311386408877305,50.64135445967895,24,Female,One year,Fiber optic,0
-1.3128124813962017,0.7908226797811857,0.1352825085523179,0.037648935062640776,0.7348634342932441,28.7582437259111,12,Female,One year,Fiber optic,1
-0.9084366122271328,-1.9321119736067263,0.08220292626279659,-1.4967224550520326,1.1359915242762966,73.27871203799242,24,Female,One year,Fiber optic,0
0.14830937006534883,-1.9386921622089601,0.3904842938743351,2.643937920347173,-4.261088559655882,62.24432894094356,12,Male,One year,Fiber optic,1
-0.8740725967791304,-2.1935739257425757,-0.8483778038821382,2.219710405659037,0.7534887712263086,28.442664269248063,0,Male,Two year,No,0
-1.6422966572973563,-1.0867620163598528,-0.6671595500663265,-0.8380750927592168,-0.7225083949206798,36.042736581978545,12,Male,One year,DSL,0
0.3445438283251787,-0.8970878018513875,1.9401566318350625,0.7340682260898161,-2.3389942544764737,28.05326329538336,24,Male,One year,Fiber optic,1
-0.6203289212934565,-0.9011198313238105,0.263819085679341,1.582093067634522,-2.809511342864534,59.40201214431282,0,Male,One year,Fiber optic,0
-0.47462475828575357,-0.12745124192711466,-0.32252211910705675,-0.9393167662395775,0.278251873569266,80.24423375920321,24,Male,One year,Fiber optic,0
-1.1875309695749694,-0.697039260433203,-0.3908882671723887,-0.143251079720068,-0.3303487865488842,40.28780204212901,24,Male,One year,Fiber optic,1
-2.339415757721939,-0.15990213950746868,-1.1858523292388699,-0.607820700622042,2.1834884563175163,48.781069669372926,0,Male,One year,Fiber optic,0
-0.21683709779955185,-1.5682638990397242,-0.0378867010218419,-0.5493795000209973,0.071699149390267,35.30906288877134,0,Male,One year,Fiber optic,0
1.1203535655667605,1.8925333683463574,0.3803366503158828,-1.221399678256096,-0.7218874206391541,41.25747290575671,0,Male,One year,Fiber optic,1
-0.5481969052436548,-0.3479537306721746,0.16068549812565303,-0.8848022891065888,-3.2101119713103867,75.90307854998261,36,Male,One year,Fiber optic,0
0.9257967564807617,2.0793868321936197,-1.4904928657368934,-2.758382324149088,-2.374585574310858,48.723491689354205,12,Male,Month-to-month,DSL,0
-1.4890893295060668,-0.30905629572732074,0.24733330168252382,-0.582889094128398,1.7327759761144936,45.62816486468631,12,Female,Month-to-month,DSL,0
-0.7794426973582392,3.6091589362969763,0.7168795348194515,0.01639632223561316,1.2344374273781602,76.17006042267606,24,Female,One year,Fiber optic,1
1.2957073758699273,-1.9345812330331713,0.2872679291207924,-1.0682810970306713,0.2337959741878102,53.557285970586435,0,Female,Month-to-month,Fiber optic,0
-1.1442425028504406,0.20444242370125054,0.02394638244926125,-0.8167050081417606,-2.4791315114466617,65.6174084597522,24,Male,One year,Fiber optic,0
-0.6122076177939991,0.35815984192184724,0.3510912916767348,-1.3589961531058052,-0.9904887162330579,28.893068680266097,24,Male,One year,Fiber optic,0
3.574208205884274,2.2026634950842063,0.19092373175510596,-3.2522916516504323,-2.4802577607973406,62.00941169543695,0,Male,One year,Fiber optic,1
-0.5811083571717355,-0.7352219045850661,-0.9603530521421138,0.3871440181238709,-2.3368757843648216,48.35501673768037,24,Female,One year,Fiber optic,0
-0.22181292381561435,2.3693336578732316,1.0868634897218359,-0.020609868852394908,0.16990017127302875,69.19322161162569,0,Female,Two year,Fiber optic,1
-2.4199123649656182,-1.7382066278677915,1.0400267198626876,-0.5686338963217807,2.6053185225072344,78.93315145889548,0,Male,One year,Fiber optic,0
1.4282224238475036,-0.6982086107672789,-0.007171210981326812,2.0471752649257136,-3.551074253299221,29.61897917059444,12,Female,One year,Fiber optic,1
-0.47220580372774945,-3.1861689435308085,0.07540912892466581,2.6890356816827525,-0.4503384081678881,25.144626777830794,12,Male,One year,No,0
-1.920518928471724,2.7507199570285845,2.418355753572451,-0.5697403154529777,-1.493761640051829,20.270982794796986,24,Female,One year,DSL,0
1.0783322858583007,-0.3786851133010971,-0.7268893832047121,2.286143661389592,-3.9699023101919444,36.121687287947005,24,Male,One year,Fiber optic,1
3.3705282551125775,3.545382022685388,-1.5793451620702603,-2.744345256240814,-3.0799840056735075,124.93080483005029,24,Male,Month-to-month,DSL,1
-0.6695030863896065,1.6951850370138262,-1.2242250083555806,0.21440733914024945,-0.06453891396221044,61.795333172987355,24,Female,One year,Fiber optic,1
-1.662408189549917,2.41056938168395,-0.6068253417863988,1.5286165304920336,-0.32073603769291725,64.14182192994681,24,Female,One year,Fiber optic,1
-0.708555778108324,-3.9031035833066534,-0.19408013233309493,-3.739965130088949,2.393294056372179,64.67493803363087,12,Male,One year,Fiber optic,0
-2.1776874660869954,-0.6229441319638775,0.6877638485617686,0.8652815629026536,1.9672090722093318,46.86030356181994,0,Male,One year,Fiber optic,0
-1.1810024456191277,-1.4547410646502905,-0.1538087778810355,0.3569189068600367,0.2674913990247575,27.108658167610823,12,Male,Two year,Fiber optic,0
-0.6073621040923483,-0.3523522162602182,-1.3184013824734664,0.9888411401426593,-0.3062711401788989,32.38513501222156,12,Male,One year,Fiber optic,1
-1.5978681254398195,1.1314275129912472,0.36752904756141197,1.5864515483139434,-0.9598471570859487,25.50458659851578,12,Female,One year,Fiber optic,1
1.1571298385826996,-1.6591091757685095,-1.6994295196075182,2.448103394011204,-3.7178427790914395,49.41785044962862,12,Female,One year,Fiber optic,1
-0.3916892890825008,-1.2372507973152538,0.04312543095304917,-3.28635189888499,1.2769108155826498,49.839268462141106,12,Male,One year,DSL,0
-0.16332674101800038,0.7073506373811254,0.697182620792853,0.4463197605771789,-1.2149290615850061,53.96872080573297,0,Female,One year,Fiber optic,1
0.23586068005620098,0.3613440513511593,0.9087634781243586,-2.576773511799475,0.7519672046089544,77.07353569115054,24,Male,One year,Fiber optic,1
-0.8522734786009449,-0.9659037209770631,-0.19458466303966782,0.60601490910923,-1.4725065971244586,45.96642449438538,24,Male,One year,Fiber optic,1
5.788407489863278,2.8864121513053704,-0.7442433669555713,-3.9138863654701685,-3.916289289630799,98.15243178786888,0,Female,Two year,Fiber optic,1
0.681064610817822,0.8061520846106409,-2.0210023208762435,1.7850511371980977,-2.0087545666865987,84.50547727679177,12,Male,One year,Fiber optic,0
-3.2582230207502434,2.4943838450760074,0.29203572173090797,-0.680610246910534,6.196631952591668,87.59356883351809,0,Male,Two year,Fiber optic,1
-0.5162958483425155,-0.27551777024683144,-0.20219033538761957,2.4687239323826384,-3.767041525084122,41.61380500320182,24,Female,One year,Fiber optic,1
-2.6073453668863436,-0.03281612928218036,-0.11335479410729969,-0.7780686197433977,-0.01855814320769978,26.368568330400684,24,Male,One year,DSL,0
1.6960479557668782,0.32253850395575456,0.02002733980403,-3.134244987464696,-0.78758738017839,42.18521039597682,24,Female,One year,Fiber optic,1
-0.8932623433710701,1.085218895420641,-0.6476527563780456,-0.7426177481363796,-2.1153750321428793,47.34734676562045,12,Female,One year,DSL,0
-0.933373300602077,-0.2751874165050947,-2.5500262915163465,2.050676682378305,-1.249882444818602,36.57828547094057,12,Male,Two year,Fiber optic,1
1.4291295023467763,1.8892183720273925,-0.4321210431294197,-0.9704559938437783,-1.1515347781849052,63.88065694343359,0,Male,Two year,Fiber optic,1
1.9458420565324601,1.374294120548869,0.11106747319563266,-1.748068581730756,-1.5083213707428456,45.53742270541012,12,Female,One year,Fiber optic,1
2.7886193237617265,-0.5343045893713774,1.8190771901958052,-0.6436640566903651,-4.558842931794931,39.989338919787336,24,Male,One year,Fiber optic,1
-1.3617902030078692,1.0002825990545934,-0.3227445527233424,2.3007511133437495,-2.355592042387703,27.235817399568646,24,Male,One year,Fiber optic,1
-0.6523127158887436,0.2603279385955283,0.11263668182564038,0.43725300376428855,-0.1590458414906938,31.06657527998925,12,Male,One year,Fiber optic,1
1.692398969181197,1.026360995124118,-0.002915151414794515,-0.28857008113781313,-3.3134695513088435,87.06065354872409,0,Female,One year,Fiber optic,1
-0.13707445509421767,-1.596834204424435,0.2123800860234896,1.8685497755844265,-1.6493808301528594,47.95635391785589,0,Male,One year,Fiber optic,1
-1.4635497926957277,0.5201342105041498,-0.36663387866893304,-0.399484610016998,-0.7100144562955427,50.10948055624922,12,Female,One year,Fiber optic,0
0.15601334186144533,0.37647103049126707,0.3619078363609881,0.5300226447233534,-1.1571547829524849,34.440947012307,12,Female,Two year,Fiber optic,1
-2.334970745787892,-0.9872626688272305,0.17044299872136276,0.007798002037792684,0.40767932482537544,27.52063719673414,12,Male,One year,Fiber optic,0
-1.0340705239221246,1.4716695538099986,1.0271915600404138,1.3181898884774745,0.11443787806710573,46.756566819823234,12,Female,One year,Fiber optic,1
-4.227956824132331,0.03822057303404636,1.3435465066220513,1.41517757764833,1.4184912551200488,47.945039897729416,12,Female,Month-to-month,DSL,0
2.1509729076649373,0.38858777715638926,0.14701083361286355,-2.2436749531990845,-2.121313135683396,20.009042149627394,24,Male,One year,Fiber optic,1
-2.3862092579640493,-0.13431418510826143,1.192606204977316,-0.7011785570535156,3.990351587553007,32.451285806510256,0,Female,Two year,Fiber optic,1
4.041880148298969,2.29823524987431,1.4832588848565909,-3.4677208039750504,-2.885537165223669,68.76165150455698,0,Female,One year,Fiber optic,1
1.1863262615549464,1.0438672630524226,0.16387140173645573,-0.38168099303042713,-1.3025100783268988,55.591716375384294,0,Male,Two year,Fiber optic,1
1.476735638883713,1.638346381208504,0.6460453434287315,-0.5898766615540636,-2.3352270045236487,80.073816225417,0,Female,One year,Fiber optic,1
1.5988958169474938,2.652882204471853,0.9026781426992485,-1.5224074881410836,-0.9379636391834291,74.96268992213743,0,Male,One year,Fiber optic,1
-1.4696353228293866,4.532148631485297,0.5218912341350844,0.9294956490036779,1.3494560991883127,95.8114036384431,24,Female,One year,Fiber optic,1
1.1703942775824305,0.5988183946290907,-0.24039847568841113,-1.0751819544625003,-0.9297381733303222,40.616564097920616,24,Male,Two year,Fiber optic,1
-0.5434836544129635,-0.7338713758917175,-0.7349518768353778,-1.2372107154816832,-1.2857428683664776,70.19140145088107,48,Female,One year,Fiber optic,0
0.6925190052742891,-0.9381703772945282,-0.6367305591080572,-0.419429711255521,-2.5300701564057917,20.23219682284221,24,Male,One year,Fiber optic,1
-1.4136670016186594,-1.9742822860890423,1.5583840118807817,1.0525505520489915,-0.5507441074150556,39.02189301550867,12,Female,One year,Fiber optic,0
-2.644273401060502,-3.2553713419800063,0.3339450479990393,-4.402407861057517,3.995297494553607,30.721117646579792,0,Female,One year,DSL,0
0.5581371380055661,-1.6024557272152133,-1.5702366540818447,0.18359908392048774,-3.101024534788305,31.568293360196034,24,Male,Month-to-month,Fiber optic,1
-3.169391271080681,-0.7982990327097568,-1.0588580088579944,0.5173617818039484,4.160687168856946,26.97548738921324,24,Female,One year,Fiber optic,1
-1.2075293192610663,-1.1723812262336284,-1.5733469496057397,0.897134827260392,1.8674816536707086,24.323765615052757,0,Male,One year,Fiber optic,1
-0.42694358570699653,-0.26321658980791973,0.5106761378588074,-0.5303868234597373,-0.4073089921655182,35.658280220981766,24,Male,Two year,Fiber optic,0
2.7185943580009777,1.5182945079840515,-0.9277142922843684,-2.980371124178671,-2.3296227516005876,59.55524091917229,0,Male,One year,Fiber optic,1
-0.14703647173233247,1.0140646496970787,1.623843744269257,-0.21590879927037232,-0.5147761215665408,28.813922278113886,0,Female,One year,Fiber optic,1
-0.7204509107789514,-0.762696081161246,-2.7829604323432204,1.3056726075135794,-2.177564410997407,76.4109103234719,0,Female,One year,Fiber optic,0
2.9864023866520037,2.7113314018732084,0.03990669451976115,-2.78656931246471,-2.4260146728145844,61.77037286568449,0,Female,One year,DSL,1
-2.2901504623229356,0.6673187237874284,-0.6578984885747411,1.141855965187006,1.2501620286051054,21.56929605489271,0,Male,One year,Fiber optic,1
-1.304148710415368,-0.054484676465648585,-2.968368430235852,1.7466900855105147,-0.6223028700653951,30.136230857865343,12,Male,One year,Fiber optic,1
1.001064840519124,0.05960928141831634,0.4153114772403338,2.4177844579759835,-4.31401580631521,41.6093966475568,24,Male,One year,Fiber optic,1
-0.993643068219664,1.6469280656880447,0.6420450918935614,1.1356301417097274,-0.07090977199855097,66.38725644669428,12,Male,One year,Fiber optic,1
-1.5375734328891393,0.7699442338991371,-1.3191950527677994,2.015639173439123,-0.4498676488515262,47.442025648168226,0,Female,One year,Fiber optic,1
-3.500861426536679,-2.277396959420647,-0.4396161530170061,1.918876677235532,1.8284957407386078,44.60742416741921,12,Male,One year,Fiber optic,1
-1.3647510935650464,-1.1200183461374633,-1.1301166323689484,-0.46684538531564945,0.011685193508239409,26.03435179455395,0,Female,Month-to-month,DSL,0
-1.7355177607125825,0.6125772267942918,-0.623180315308064,1.270834585311263,1.7253420740831076,45.15788174250828,0,Male,One year,Fiber optic,1
1.2886790214311743,2.517458340094854,-0.05559052319927134,0.8636816352794379,-2.2325776783725617,54.561470578252965,36,Male,One year,Fiber optic,1
0.07474699245349647,-0.2926213615392028,1.5622651106550693,0.6230187673558356,-1.0633552455831066,38.054587257379495,0,Male,One year,Fiber optic,0
-2.195844513420206,-2.0146455539582906,-1.4912278313904628,2.5672871939668367,-1.1292139938932082,49.16247324921951,24,Female,One year,Fiber optic,1
-0.7716186108672292,0.15973769246541525,0.5333250306143476,0.8277343509624301,-0.1659393708923616,43.92156426501487,0,Female,One year,Fiber optic,0
0.011713791314823752,-1.321973147076952,0.7032182548567439,2.602568024641675,-1.4201611937853047,53.01651246619309,0,Male,One year,Fiber optic,0
2.6525424078509974,2.876935624296043,2.2033098152577577,0.8111030170913819,-2.1092550211121694,63.28063961688667,24,Male,One year,Fiber optic,1
-3.9844841307743453,-3.4453328826857623,-0.4011731717473891,2.5102589683301755,1.663948606481047,20.297295600589067,12,Male,Month-to-month,Fiber optic,0
-0.8615242749224077,-3.2403103419898662,-1.694039281225405,-0.20027876528855448,-1.283555412562057,46.8794204053465,0,Female,One year,Fiber optic,0
2.9204385409546854,1.4595699215131246,0.16937746994270686,2.6847380008519237,-6.27434727351366,22.88667897319186,36,Female,One year,Fiber optic,1
-0.588902129984524,-0.6165323846325623,2.117730003008565,0.03404564059115556,-1.5014176593135695,28.203100511071973,24,Female,One year,Fiber optic,0
-0.1740751128110779,2.3827270903060036,-0.7099191329520644,1.546001377830557,-2.208904003340328,33.9317274439194,24,Male,One year,Fiber optic,1
-0.004267497448974478,1.2057523368506626,2.2354274347569607,-0.22639211390642344,-0.732698583661667,48.97215892919303,0,Male,One year,Fiber optic,1
3.3577386879354023,0.9954730749988027,0.11515231444047568,-3.9814827346776753,-2.2687160918559957,47.930919618474135,24,Female,One year,Fiber optic,1
1.7097173153807563,2.7954713189125515,-1.1229011560768327,-1.133138052695468,-1.771244960424571,93.6427245932896,12,Male,One year,Fiber optic,1
-0.2638495705196844,0.3688395837971048,1.7413836552867057,1.4687406529411258,-0.7818287839442588,31.85950106472974,0,Male,One year,Fiber optic,0
-0.5799821746110054,-0.9194949399927087,1.983373599422574,2.825725134521538,-4.087088677248641,84.73427887030877,0,Male,Month-to-month,Fiber optic,0
-0.5590779233573371,-0.5766862594486658,0.6645524143941822,1.4016168129048365,-1.311543588530231,39.584348344893414,12,Male,Month-to-month,DSL,0
-1.420336079842449,0.1913687202207336,0.3081283365365046,0.8261064278415623,1.698512883042561,35.996674008084284,0,Female,One year,Fiber optic,1
-2.0404357289888826,1.095372028079761,0.7504698619350948,1.2240979464405344,1.1306806971391627,35.9663305272716,0,Female,Two year,Fiber optic,1
-1.7004522725123548,-0.7361653651741387,1.1120468421032064,-2.0498373527146967,-0.552945449985722,24.76202609805207,36,Female,Two year,Fiber optic,0
-1.3729511305414173,-3.1026449111341696,1.3303435074897187,-0.11914039734194548,0.257198623533062,37.18126717906556,0,Male,One year,Fiber optic,0
0.21451641830464396,-1.1613678194306731,-0.31062923983688057,-0.01430341569136484,-1.1361215248108107,26.693961427436967,24,Female,One year,Fiber optic,0
2.9784480324912774,1.5588620392836203,1.2938176908147259,-1.4285258795971445,-3.172688438278774,84.00556474681528,0,Female,Two year,Fiber optic,1
-1.425290110887615,-1.4734057891698684,0.8206074759086713,1.3091340955610318,-1.2072989464013513,40.29016595886773,12,Female,One year,Fiber optic,0
-2.2409263856467536,1.794835051705667,1.8129072206587489,0.7384857406952554,2.4956309575316147,49.59387319997057,0,Female,One year,Fiber optic,1
-1.7575574565461016,0.5616921314917158,-0.5862850495521519,2.039140222047223,-0.047693223501157365,43.13702253987522,0,Male,Two year,Fiber optic,1
1.5357673200601727,1.4032460410193561,2.150310793331211,-1.6783766470560275,-1.1746809973982544,28.68857766748379,12,Female,One year,Fiber optic,1
-0.8477441824161038,1.9983667924880295,0.3073093537363383,-0.1257209909617909,0.8701572275222609,62.95225637226798,24,Male,One year,Fiber optic,1
-2.1283513470495725,0.482893668498413,-0.13778586119228045,1.842796564463861,-0.8069497365955595,27.805117316736318,12,Female,One year,Fiber optic,1
-1.5545166411530902,0.7005322493553261,-0.7736398449381301,-0.22879124458045197,-0.6678050096401651,38.771872935194466,24,Male,One year,DSL,0
-0.188146628512892,-1.617290389030345,0.10413338802134002,0.8187207969277768,-1.1556015438584435,37.1655490359017,12,Male,One year,Fiber optic,1
-0.9915354770558753,0.7756487984135105,0.8235461198419735,0.09609413977995118,1.3395099618165962,36.60682401053185,0,Male,One year,Fiber optic,1
-1.5016472096399582,0.47821564225044844,-0.32368275404118774,0.1731678543307833,1.2150093841212137,23.680530268546658,0,Female,One year,Fiber optic,0
0.5395448175857767,1.3328380526989325,2.5270104183286053,1.5354792996256368,-1.9018492078596596,32.50959225666885,12,Female,One year,Fiber optic,1
0.02189847280870083,-1.3392647211483428,-1.4280671761054449,2.533980695811807,-2.5260378064651183,48.0376473597821,0,Female,Month-to-month,Fiber optic,0
-0.8905629182428959,-0.5477226976078797,0.6227691252275499,1.5768577973441795,0.21635730844057255,41.55988231187415,0,Male,One year,Fiber optic,0
-1.7541026764495609,-2.2373941313563614,0.5022347203519739,2.4915044099396964,-0.2274218229461051,34.234295512798965,0,Female,One year,Fiber optic,0
-2.1419247383477877,1.914500145492952,0.1568987411985135,-1.214636766673575,5.8688738747392,99.8084010964967,0,Female,Two year,Fiber optic,1
-1.962382078259476,-1.9878797090997993,0.8747396215802571,4.047670609776464,-1.5262573248922089,70.300016746585,12,Female,Month-to-month,Fiber optic,0
-1.133756179793896,0.10485525489038294,0.5491266755583654,1.031150277348924,-2.137221271135668,61.66581594171912,0,Female,One year,DSL,0
-0.5793305521137984,1.7328194730391115,-0.9123255140663579,0.6352106475784347,0.9314379835589406,54.66758639666095,12,Female,One year,Fiber optic,1
0.9840000110372353,-2.113808989777121,-0.7106919924670108,1.2784004425222881,-1.1572346758586936,62.84977901785563,12,Male,One year,Fiber optic,0
1.1104213980446853,-3.4782774068010673,-0.44447952987770456,-2.8432432308960127,-0.4306088249053047,49.41258570140071,0,Female,One year,Fiber optic,0
-3.287816569154255,4.003743969875117,-1.7417641123833023,-0.13968199877352294,-1.5215743889027054,34.30300571333657,24,Male,Month-to-month,DSL,0
-1.5176858709980952,-1.1998208252542308,-1.3306490830206263,0.18469787026297602,-1.5036508409569163,49.527581926576204,24,Female,One year,Fiber optic,0
-0.008163844968428147,-2.3181374000757446,1.3354738978506546,4.8612210253853725,0.6873398988397129,43.894493326473565,24,Female,One year,No,0
-2.6752329609135113,3.596198794689441,0.6768376541110072,-0.20876927538739576,5.868990552941694,95.94918809138626,0,Female,One year,Fiber optic,1
-1.8700931214819456,0.28850068312854527,-0.7893523659025773,0.009358817328942282,-0.36974196161632433,47.775124719558235,24,Female,One year,DSL,0
-0.20281523843714466,-0.39181885399575345,-0.6619351799174277,-0.29364736344963094,-1.3202892743663488,49.99230080878153,24,Male,Month-to-month,Fiber optic,1
-1.9427169667814148,0.18134289199371023,-0.021332381631087506,0.9881203354349564,0.7923298830661578,22.33252108515628,12,Male,Two year,Fiber optic,1
-1.2939419610049863,-0.08935977871209455,-2.0678183764773013,0.985432235453045,1.5216499605852778,22.735598827552565,0,Female,One year,Fiber optic,1
0.801646315211026,-0.02132607520769736,-0.6118288167399027,1.7084398926405564,-3.3623464076765615,31.885930432911938,24,Female,One year,Fiber optic,1
-0.1195096920306784,0.4932206198687962,-0.3139521869158607,0.17118990696673442,-1.0429674788809347,32.301934923584994,12,Female,One year,Fiber optic,1
-1.685302958328334,-1.423568041549321,-1.2675777045330776,-2.4229963836648505,-0.12047731007625996,33.7145030648572,24,Male,One year,DSL,0
-1.770269902934173,0.1120078589138388,1.0186245100338112,1.4728542705487102,0.10548763820895217,24.085228445459137,0,Male,One year,Fiber optic,1
3.8711095205876953,1.1901323279608813,0.7060669498554304,-4.198932243343698,-3.564262658353994,43.343776996199225,12,Male,Month-to-month,DSL,1
-1.925990253597274,2.5325236569908394,-0.09614428792448947,0.5800594770740986,-3.3569953507783787,50.86290747931329,12,Male,Month-to-month,DSL,0
2.6155519017608673,-0.09845183992569173,0.22964305556779677,-1.393211708640438,-4.304525614908127,47.552502369685826,24,Female,Month-to-month,Fiber optic,1
-1.3860975250122465,0.09917179592136749,-0.4769758599540591,0.9780658998954409,-0.12266494384814719,30.039832887124298,0,Male,One year,Fiber optic,1
-4.045361761452023,1.8838417017011415,-0.4414758053129096,0.05993885233829588,5.630726352873958,67.24180100173103,0,Male,One year,Fiber optic,1
-2.827521610032595,-0.009594970637783362,-0.02264413013637428,1.150263493660771,1.5255640745777947,23.223184688908567,0,Female,One year,Fiber optic,1
-0.6195373347275529,1.1625883039848386,0.3323463714720036,1.1076534214397393,-0.7400529301867295,26.54321083099256,12,Male,One year,Fiber optic,1
-1.7362019985177761,-1.832597412546345,-0.6992440642290753,2.0219292611583404,-0.3143105618167867,28.673149645899123,0,Male,One year,Fiber optic,0
1.9695376895045213,0.8168251422112105,-0.19200127026141986,-1.635026700849954,-2.6144220491300505,31.828434212917852,12,Female,One year,Fiber optic,1
-1.8132134832647209,-0.787903957430554,-0.6189888028476827,0.906241760448547,-0.3051472499553854,21.282336430691245,12,Male,One year,Fiber optic,0
1.9016316128527346,1.417302501964833,0.038915828017330296,-1.0104183131718505,-2.479710145295426,65.25002414410288,0,Female,One year,Fiber optic,1
0.47574803275906996,-2.9578572776939165,0.12077046555136169,2.9979605705425647,1.0225651750923441,31.877646664895316,0,Female,Two year,No,0
1.7135895294122894,-1.3892556311775586,-1.1216462365331947,1.853369872693802,-0.8291559249638365,37.073545289444944,0,Female,Two year,No,0
-1.32794103351723,-2.9492347828895458,-0.3162965363648446,0.6570556176202327,-0.7713836772569705,28.822413112489436,24,Male,One year,Fiber optic,0
0.12007891212673316,-1.937715589505468,-1.1630028577834441,3.7883290012630497,-3.507512207702176,86.07940787089224,0,Male,One year,Fiber optic,0
-3.3163713957588716,0.1303078661317918,0.6330665474972272,2.384114314310202,0.24533024556955244,35.13079825010034,0,Female,One year,Fiber optic,1
-1.1957039432483032,-0.814323072188925,-0.7058040551156496,-0.19163514817620741,-0.7059098136012788,28.553246395383045,0,Male,One year,Fiber optic,0
1.133354157985758,-2.5813983070780955,0.44858087925184725,-0.5478754757277593,-0.34303304848101374,23.82173739579923,12,Male,Month-to-month,Fiber optic,0
-0.8874379235841687,-1.6064764764366817,0.11083637869222239,1.08228215174547,-0.18664417239092096,46.74494902166407,0,Female,Two year,Fiber optic,0
-0.7043164276860914,-2.0576493888645553,0.7921373991454693,0.7119291521770946,-1.5176060569980354,25.17223490190061,24,Male,One year,Fiber optic,0
-0.40564517206460793,0.1988353371927063,0.9940020395062782,-0.08495572853592304,-1.896348131853598,23.717444746445654,12,Male,Month-to-month,DSL,0
1.1722020166906408,0.8954028295367007,0.2912836656902564,1.3201422144225967,-1.947244514928078,62.43601360722492,0,Male,One year,Fiber optic,0
-1.6462896453742366,-1.1912406896464323,-0.7502588076917368,-0.7502691511011309,1.285928610113919,27.011533415418967,12,Male,Month-to-month,DSL,0
-0.913943588750942,-2.458839200577648,0.16538476902386298,2.632418376800753,-1.4970936773982733,27.229956143255507,0,Female,One year,Fiber optic,0
-1.2715177365987165,-2.209474582984968,1.589895594810694,1.050304198989941,0.0373808399895197,36.10886496154145,12,Female,One year,Fiber optic,0
-0.7480459319228359,-1.451821150822799,1.1408959771502742,1.8108707501247592,-0.734421776645218,44.37920012588076,0,Female,One year,Fiber optic,0
1.1322982370246835,1.0444506540912233,0.701131200712918,0.16104387633188288,-2.7994894614863726,75.73367474229619,0,Female,One year,Fiber optic,1
0.20676340238981883,2.7936481305382546,-1.0921199097223964,1.7205803637320107,-2.1962543365906195,56.91010516773726,24,Female,One year,Fiber optic,1
-2.4083723558576677,-0.07892296086093065,1.3212111260775765,-1.0563832828712891,2.137618049648809,54.348317706970455,0,Female,One year,DSL,0
-0.18491807993238074,-0.9563558214874541,0.8052398579044068,2.2100933233410567,1.6861246160335839,20.76835703600985,12,Female,Two year,No,0
-1.5997359688462842,-1.1465651152131577,-0.6153138820737076,0.7785750900612718,1.6804725597053567,21.10601199458111,12,Male,Month-to-month,Fiber optic,0
-2.2476000276728896,0.08903997536140618,1.4785138785735428,1.1029550601332316,1.384589342348432,21.75177765853141,0,Female,One year,Fiber optic,0
0.2765047759848376,-0.005232175463553812,-0.6690967601377134,-0.22099124235131873,-2.1596288987754817,32.90790707000336,12,Male,One year,Fiber optic,1
-1.1832604958809758,0.17915091325975796,-0.05255416192019341,0.6710836665430646,0.21331820288598718,22.237181873509055,12,Male,One year,Fiber optic,1
-1.8250512497755436,-1.1005574121166368,0.4379522629797555,1.6719769338641273,0.9294525000337467,30.632401580130303,0,Female,One year,Fiber optic,0
-1.4929021698924658,-0.42827196854807714,-0.2377233733471127,2.0737435646051163,-1.3062056339817656,24.584944447086535,12,Female,One year,Fiber optic,1
-2.1800539749965804,0.6699623042255991,1.0784261944729463,1.2715047679852653,-1.1810129121050228,55.44483203114129,0,Female,Month-to-month,DSL,0
2.0456712993423576,2.841058859319687,-0.9205832258364774,-1.394937053775563,-1.5337246222402963,91.53401867210172,0,Male,One year,Fiber optic,1
0.08132310823411837,-2.005327816631217,0.29315722532296834,0.6103656529770451,-1.082026275329153,26.58557155245207,24,Male,Two year,Fiber optic,0
1.4511304562979706,1.3234861091843515,-0.35379073114231385,0.2912678870041676,-2.2759989540473,81.102983243139,0,Male,Two year,Fiber optic,1
-0.08937830723648788,-1.3366056576773628,-0.4002422829318855,0.6630837253448574,-0.9573902058756935,30.7110917383961,0,Male,Month-to-month,Fiber optic,0
-0.4584608432533982,-2.9663829612065387,-1.2732127739133976,2.997200714226838,-2.9009758991191417,66.48420776217016,0,Female,One year,Fiber optic,0
-0.39225046189705426,1.7979518734345552,-0.16392597675551596,0.2738132692506867,-2.2204791686644607,25.94225985158322,12,Male,Month-to-month,DSL,0
-0.6016257981488626,-0.48504325848352536,1.4401101200691737,1.4514620227003978,-1.1003496155767991,21.274211560994335,12,Male,One year,Fiber optic,1
1.452279162256461,-2.1318942458137844,-0.9548690815840764,2.8249901222536975,0.1824537039670643,28.024200001556075,0,Female,Two year,No,0
1.3103741182056914,-1.6188121409626972,-3.3078999524973884,2.952498647061734,-4.72742268513463,43.6133859388622,12,Female,Month-to-month,Fiber optic,1
0.18168176690556004,2.1727954098007505,-0.45335345010058814,-1.172654139891377,0.6932194509261094,38.353304589980326,0,Male,Two year,Fiber optic,1
-2.4494490581972492,-2.162997342688979,1.1389106114800476,0.9937789941881447,0.7178006231158536,98.82805411039512,48,Female,One year,Fiber optic,1
1.4198398868486353,-0.17077778975567282,-0.2941231803761696,-1.9129066797398189,-1.1977192672787824,33.47407628856398,36,Female,Two year,Fiber optic,1
0.9637408266182159,-4.486123283890751,0.3147099423907597,-3.060610523973338,-0.043864313858471754,20.808645291730787,12,Male,One year,Fiber optic,0
-2.063048876686297,2.4595272868596854,-2.2816620724205774,1.582428751356461,0.5941206329158806,70.4078397455774,12,Female,One year,Fiber optic,1
5.9171266001196745,2.9805758525581796,0.7397592906972692,-4.392880361925822,-4.820266101293013,104.99401359317781,0,Male,One year,DSL,1
-2.3056223247782475,-0.027414793337458998,1.4922645094750588,-1.7839727384129862,2.4902927852007384,31.690896375116132,0,Female,Month-to-month,DSL,0
-3.2716635627757826,1.3823418319044902,-0.36070450044957353,1.0611201653301987,1.7191394028658575,46.263475919474395,12,Female,One year,Fiber optic,1
-3.018252414856172,-0.38143189416680423,0.2879196212460003,1.665274061295558,0.8191247164953488,50.68001778426676,12,Female,One year,Fiber optic,1
-2.1531329140786726,-1.91456497606289,1.1464718774879026,1.8294071574881203,-2.3708164108015084,57.868449854254784,12,Male,One year,Fiber optic,0
0.4201284025900298,-0.10654288876781459,0.016620981362413703,2.1863564187273195,-3.5854738732665883,31.29408290205538,24,Male,One year,Fiber optic,1
2.668486506179833,1.9198308132787423,0.4612282614987982,-2.9537054656907475,-1.5050598219672986,52.058160937069104,0,Female,One year,Fiber optic,1
-1.7631997767422258,0.32691206771172854,0.4209727825314667,1.9020571796112724,-2.2128433588238083,22.2287540880661,24,Female,One year,Fiber optic,1
-3.3583026633063278,-1.5318608880560334,0.5582321068783032,-0.29736187126558944,0.013219309020563072,41.045008744115535,36,Female,One year,DSL,0
-2.7789241468843158,-3.8443174857027977,0.5570296224878031,-2.2127592245906227,2.7903730322023725,30.22427216374024,0,Male,One year,Fiber optic,0
1.8635412666544011,-0.10831979044299889,-1.5060829104020683,-0.8296845478113974,-3.9751982335901035,42.096921350224285,12,Female,Month-to-month,DSL,1
-4.3391526801321,3.815226787767782,-0.07047357387745573,-1.6609062354277753,7.666067059263155,102.51746072512411,0,Female,Two year,Fiber optic,1
-2.4031641094926224,1.3208609331742327,-0.5596541808251622,2.2241875295426974,0.3035220490390914,57.63731142985547,12,Female,One year,Fiber optic,1
-1.664712954465713,-1.5473758016270844,0.8513421221731372,-2.9323939124567078,0.6144499218044145,20.49781095861491,24,Female,One year,Fiber optic,0
-2.6241309388430896,0.06535537141051295,0.8982445728562294,2.535898427026033,0.7024961220162779,24.918616604307367,12,Female,Two year,Fiber optic,1
5.184205982569165,4.425480788023348,-0.8291434854434051,-3.133622428931237,-4.265150090126543,149.45297368780726,24,Male,One year,Fiber optic,1
-2.1018162150064654,2.575450187569926,1.125679932123462,0.8504066686631898,1.9003289790582407,57.423576781596026,0,Male,One year,Fiber optic,1
0.13012169934176732,-1.0963226998331397,1.1739009315742082,0.668692778529659,0.28462199590360565,27.989768473717326,0,Female,One year,Fiber optic,1
-1.1853350778923606,3.909962540791532,0.9987265700830984,1.1988797564122353,-0.4945875587581672,65.38741578712231,24,Female,One year,Fiber optic,1
0.31167120880968435,-1.6917688051943034,1.371098813911922,-0.61174292404038,-3.172748576881386,43.320266582622736,24,Male,Month-to-month,DSL,1
-1.9295553341710576,0.9048332671920422,0.9491660702381609,0.7057267231431792,2.5885953430760305,46.80025474587519,0,Female,One year,Fiber optic,1
0.7055388403974039,0.7089835042666327,-0.7249141537654967,-1.1709530679145879,-1.4560195582131896,28.336485576305172,12,Male,One year,Fiber optic,1
-4.014032347003072,0.4002282464143634,-0.8038031800970857,-0.537045497499647,6.340514801053484,54.142236966307166,12,Male,Two year,Fiber optic,1
-0.5365013584455272,-2.39150133289174,0.45303965657205886,0.23347535620586235,-1.0762111163143302,33.471339666635885,24,Male,Two year,Fiber optic,0
0.1627412186843551,-2.064330293810177,1.0823787113234427,0.31940260295043355,-1.3190640558466071,28.726175371532218,0,Male,Month-to-month,Fiber optic,0
-1.2871302215140417,-1.9053449954529469,-0.7269948257170568,-0.5542470377623074,1.0244665215940456,48.577598610703774,12,Female,One year,Fiber optic,0
-2.0038927681278573,1.2543488408135124,0.6710260113888485,-2.683152064374095,2.3536861620612872,59.14067410984514,0,Male,Month-to-month,DSL,0
0.1555166584556147,1.2872297894155706,1.3427769644230034,1.5889911097041776,-1.0227825725582314,54.90374500076985,12,Female,One year,Fiber optic,1
1.4420364327357755,2.4719973609033916,0.49271541946140096,1.6000711505541383,-2.162996879084669,76.35298100789923,24,Female,One year,Fiber optic,1
-3.4766444735575206,1.0290864834811222,-0.43782212286165223,-0.41524552507675516,1.6944396994801005,39.34045654298954,12,Female,One year,DSL,0
1.3172303200069786,2.2700567896212536,0.5215951603525073,-1.7462567835843676,-1.0054448958529487,71.51169865074493,0,Male,One year,Fiber optic,1
-1.5713658574304161,2.7460915639001895,-1.1941586560913167,2.6957650645663502,-1.7231900594187215,64.30238438314848,12,Female,Month-to-month,DSL,0
-1.025486875847101,-1.1006341131301403,2.0565858207075958,-0.22052358869990263,0.32606007306533263,24.737700798980683,12,Female,Two year,Fiber optic,0
-0.9778405551163695,2.360126147961748,2.7008664695495948,0.41078625791689405,0.9118439141818034,67.06463454956108,12,Female,One year,Fiber optic,1
3.706129009834759,1.9579231784875997,3.186574911811055,-2.5026897002914517,-3.513574207021332,81.98867226919108,0,Male,One year,Fiber optic,1
-0.2760929841411428,-1.6721690981866457,-1.9873102297264285,2.3734711559602344,-0.8211453380890371,52.14664101864636,0,Female,One year,Fiber optic,0
-1.8013956831479483,-0.9391596443312207,-0.42447591759177994,0.2073903318931355,1.3542981553740052,43.111314244251716,12,Female,One year,Fiber optic,0
-5.673393633468884,-1.8209878465696407,-1.0816510962640609,4.706526759808517,2.047999122784298,76.43898634196091,24,Female,One year,Fiber optic,1
1.2129618160962,-0.76398765155908,0.5567179766334188,-0.8388758242071408,0.45390930722927786,56.74129379237392,12,Male,Month-to-month,DSL,0
-1.892624516852921,0.14739719372734605,0.7055133860602464,0.7586397718920952,0.41648784589665305,41.66407868733213,12,Male,One year,Fiber optic,1
-0.6572078874741257,-2.8206250355420144,-1.3864894206912433,2.1531414434628866,-1.4941000353216027,53.12118673194419,12,Female,Two year,Fiber optic,0
-2.5007530447764594,0.5243226451988269,-2.429755297682545,-0.6973865318366703,5.363513288928095,60.77257924186951,12,Male,Two year,Fiber optic,1
-2.4550278225887965,0.8560406239261169,-0.2243068279436459,-2.332428887955259,-0.4747519461757979,35.38941596956698,36,Female,One year,DSL,0
1.2077906232201383,-1.3886064325769905,0.2582027347011372,2.1110810042172776,-2.1093477400730487,69.22024359116332,0,Female,Two year,No,0
-1.535037458564017,-1.9107315300353034,-0.34463483700815617,0.7997754489217164,-0.2976282780819095,38.85566604780493,12,Female,Two year,Fiber optic,0
-1.5153122215155894,-0.770400921533511,1.0170655439701535,-0.15827680354728568,-0.17096090618841892,22.212864857175298,0,Male,Month-to-month,DSL,0
-3.3766503430410015,2.7705819571918813,1.609343375609877,-1.7382974478387228,7.742443228285375,91.7234081610015,12,Female,Two year,Fiber optic,1
-2.061429808896121,-1.147083715387992,-1.2500256555876041,-0.6590053347022605,3.261078331633697,81.9992014213704,0,Male,One year,Fiber optic,0
-1.826585159323646,1.840367897706124,-0.7527192419030679,-0.0919610556984547,1.90278590971213,63.54578629594578,12,Male,One year,Fiber optic,1
1.4268974390317335,1.9045902831626011,-1.0550207553771844,-1.6800513738980611,-1.1420413829739255,47.595062550403384,0,Female,One year,Fiber optic,1
0.06826321508023658,1.0730108895514952,-0.8106575556986726,-1.6615406733248808,0.04698118842123091,27.178081906612398,0,Female,One year,Fiber optic,1
-1.2966264220799217,-1.0673242629694015,-1.196515048150933,-0.013889148690637398,-0.8970800903948302,21.518696298227415,24,Female,One year,Fiber optic,0
-0.29787890390798566,0.22562486815611138,-0.9970603273632621,1.3466810478009474,-1.6242383959870517,55.55261279897743,0,Female,One year,Fiber optic,1
-1.9578974376822287,-2.1350265651215192,-2.510222141040413,0.7551177893906232,0.8796680029572382,60.361942413488634,0,Female,One year,Fiber optic,1
-1.5164980957222465,-3.1012117649677915,-0.6944984102480514,0.004562308414228999,1.3589306686443963,30.667567954259457,0,Male,One year,Fiber optic,0
-2.1990179153195095,2.0873995561208805,0.7349359742543154,0.3280353081756765,2.479528295200962,55.47411393195048,0,Female,One year,Fiber optic,1
-0.05013491628425959,-2.2109776031995025,-0.8591042740501407,2.1153736179620966,0.21124727706090532,36.08402679425957,0,Female,One year,No,0
-0.5642896456977939,-4.024209517109056,0.7404212140477511,2.851529157213959,-0.32755343519586777,36.81472625408857,0,Male,Two year,No,0
2.3544657176363084,1.7087632490439946,-0.8494174697163055,-1.7058725382452096,-2.392696745919741,76.34367931020915,0,Male,One year,Fiber optic,1
0.22553567458113033,-2.2297266768292086,0.8247017407860974,-1.2068213597632156,-2.183879577594113,33.446930444191366,12,Male,Month-to-month,Fiber optic,0
1.2920288212242332,0.39487263572169484,1.0048216917579127,-1.3988291868542748,-1.479167114375757,26.150608211892838,12,Female,One year,Fiber optic,1
-2.3493741605185425,-3.0532232341190646,-2.160912602766722,-2.369595852392912,2.6295718875462595,26.711161286384414,0,Female,One year,Fiber optic,0
-2.2493460505587546,-3.530260044514242,0.1367465026484631,2.1495072179836656,0.1029359927856668,38.44623537005545,12,Female,One year,Fiber optic,0
0.08979142967763276,0.165805166229136,-0.658175274137104,1.413065244512139,-2.986169125042075,35.942226804996544,0,Male,Month-to-month,DSL,0
-1.4131061938098495,-0.3602895123156755,0.17942952129493323,1.7729410658728084,1.0269772592059059,34.04542470901542,0,Male,One year,Fiber optic,1
-1.7690623846188944,-0.17325263758964682,0.5259441806248001,1.0929349371938573,0.5995662576387946,46.79972319370761,24,Male,Two year,Fiber optic,1
1.5296122115678368,1.7176367603944054,0.753601109159814,-1.3089721698268175,-1.4621693747892586,60.47493267504944,0,Female,One year,Fiber optic,1
-2.3472887782217007,-0.9968986782867647,-1.1201988014411794,0.2912408295022654,-0.30849457904815536,26.169096669480272,12,Female,One year,Fiber optic,0
-1.3544327338825575,-2.418581745219604,0.10073580812134493,-1.8597403025785932,2.4585322737260564,22.042198583755244,0,Male,One year,Fiber optic,0
-2.0833700007486335,0.699338516840216,0.3796100564144805,1.6275601736912315,0.8506733427735123,21.81525617472103,24,Female,Month-to-month,DSL,0
-1.3262098021994595,-0.15896278578690093,0.21975808394014318,0.030042720936529488,-2.4493078690814416,64.6899569727776,12,Female,One year,Fiber optic,0
5.573835537815193,0.7919118065192573,0.4419089221642027,-4.077251937892136,-5.286050957558489,47.442294618536664,24,Male,One year,Fiber optic,1
-1.6158111785892975,-1.8581114533873553,0.7005953972771274,-0.15314290417776077,-0.41671771294269394,34.05931963882839,24,Male,Two year,Fiber optic,0
-0.9964901334544691,-0.38372349239653625,-1.2592955518800382,-0.4460428401145722,3.1404455597092564,49.39292181706216,0,Male,Two year,Fiber optic,1
-1.7231808951552776,0.8506783560375797,1.056730430775678,1.5838821179515077,0.2991563330949111,27.43333748648626,0,Male,One year,Fiber optic,1
-1.5320317912476937,1.5181635897346526,1.382137994846674,-0.17923586879835218,3.045426169566421,60.17788966143064,0,Male,One year,Fiber optic,1
0.6941014573545502,0.12727144155967707,2.4417885853297707,0.13920921145918674,-2.725012310515784,31.544008243008687,12,Female,Month-to-month,Fiber optic,1
-1.4475529602190347,-0.33300218321902864,-0.30031814256547273,2.1005485871195644,-1.9928875087085973,27.356294017515346,12,Female,One year,Fiber optic,1
0.9254645335354583,-0.10283566385576992,2.262568808335318,-2.123336059125914,-1.7973211797287427,52.11273146782716,24,Female,Month-to-month,DSL,1
-1.7682873669233556,0.007894554467476889,-0.7283292684217407,-0.11559758729453695,1.0090953613378697,24.62539645980167,0,Male,One year,Fiber optic,0
-0.8303603894388379,-0.5312085443213916,-0.1244566297144221,-0.07795251659590363,-0.22414809173117242,37.70611131502038,12,Male,Two year,Fiber optic,0
-2.5333561335921653,0.5635416208305126,-0.3415204150053053,-1.0622850104189203,0.8216096056304016,45.358920199581675,12,Male,One year,DSL,0
-1.003305666433692,-3.2874497326416137,-0.09384561622336655,-0.5107554818127593,-1.041117761034399,53.09107434710419,0,Male,Month-to-month,DSL,0
-1.7537541390176177,-1.853663714604577,-0.32364904470916106,-0.1886720797742334,1.2687960006413148,32.09832651769594,0,Female,Month-to-month,DSL,0
-0.1132880418130836,-0.4950185925322419,0.16679366453099267,-1.2063471657648968,-4.375550629393447,81.48351480650193,24,Male,Month-to-month,DSL,0
-0.45349836972681024,-0.2240795290043055,1.038727059442183,0.7014307383663001,0.31644587331882906,64.25048914490294,0,Male,Two year,Fiber optic,0
0.12938262759934838,-0.882607905981833,1.383424078555975,-1.0369279028337295,-2.088680734756281,53.809539472223435,12,Male,One year,Fiber optic,0
-1.7691899729634284,-0.003364827818964633,-0.37231835357048426,1.3270173965047756,1.72261468640006,27.310812372897075,0,Male,One year,Fiber optic,1
4.936316977610073,1.4065884471094874,-0.6759376648038271,-4.633114682070355,-4.011026822626208,39.51331331346617,24,Male,One year,Fiber optic,1
2.760818132953859,1.7376925316491123,0.40265698164716096,-2.384179668845478,-2.007368559325355,65.78195744427407,0,Female,One year,Fiber optic,1
-2.5613266268976442,1.533211576847386,-0.9599725191440409,1.1393894146671624,-0.8690308247258888,23.43965264734003,12,Male,Month-to-month,DSL,0
0.8954944406874679,-3.0259595817702953,-0.13879640094553602,-1.6328126116949893,-2.4554414831540496,22.082736889012242,36,Female,One year,Fiber optic,0
-0.8177973441541949,-0.6756687259570342,-1.008013223170678,1.0198420884758927,0.42644586883787805,39.38924371193191,0,Female,Two year,Fiber optic,0
-2.891571959362955,-1.4383378591659657,1.7845588888535862,-1.6601822583798391,0.6101911808938039,48.203515533269055,36,Female,One year,Fiber optic,0
0.16073752762956617,-1.8789855592979308,0.4515474912395065,-0.8710254349225489,-0.8832609906316319,68.29973569649448,36,Male,One year,Fiber optic,0
1.7089012581307652,0.07976613443693215,-1.5446211686074136,0.8678911455490442,-2.097053993028485,30.120697160279498,12,Male,One year,Fiber optic,1
2.544214005886178,1.4659811577447475,0.18324191045871852,-2.937313246668106,-1.9849324649660007,28.5947590133539,12,Female,One year,Fiber optic,1
0.42428053431410295,-1.41288842096882,-0.758463922930865,1.3413934363269293,-1.447112665943272,48.29441315827666,0,Female,One year,Fiber optic,0
2.86213334925561,2.4257606216289584,0.1853966564677613,-2.759328512448506,-1.4816635683200896,53.15511900547327,0,Male,Two year,Fiber optic,1
-1.0869593924983179,0.4957183775888421,-0.035757644373514225,-0.5909149924789733,-1.448753473888396,32.99219485826457,12,Female,Month-to-month,DSL,0
0.5042345140764475,-0.9999771441900902,-3.0942892490913896,1.4985129071432297,-2.830839493913972,42.06970274280367,12,Female,One year,Fiber optic,1
-4.899619922104941,1.3422301389438913,-2.31644485692749,0.09684756378208093,4.703572144165131,53.67270368527273,0,Male,One year,Fiber optic,1
-1.0412946214189982,-1.5994893605489109,-1.0373261983013427,0.25256967269054487,-0.7951325803097046,64.64979824798007,36,Female,One year,Fiber optic,1
-2.8125549184748175,3.107438856545094,-0.66843303064877,-0.4914986132870016,2.8996969071570264,70.41884526815657,12,Male,Two year,Fiber optic,1
-0.22399713055708426,1.1825025114195222,-0.029507598619071266,-0.08413266602454761,-0.41344673836086493,33.67926946537624,0,Male,One year,Fiber optic,1
-1.6384356364618096,-0.9442236061092236,-0.6903381233439047,-2.1779569882902163,3.1029166613318253,62.862212268906234,0,Female,One year,Fiber optic,0
0.35195697224032185,1.0350464198205727,0.6983991213294012,-0.45693138896305496,-1.4046752465388643,51.30045495263788,0,Male,One year,Fiber optic,1
1.1946685972603528,1.2299245285726905,-0.621159243445229,3.0953951626044063,-5.103395701815805,23.539666138354182,24,Female,Month-to-month,Fiber optic,1
-0.263148370438944,-2.26205505506969,0.03580260003584034,-1.7279124515717164,-0.3328879710554824,32.03730982292433,12,Male,One year,Fiber optic,0
-1.663879871964506,1.7525971918831003,-0.9486219012089668,-0.33403614073857546,3.9211366898122164,59.949705914408824,0,Male,Two year,Fiber optic,1
-1.5457338055248586,0.5964461871555289,-0.4507065591772589,0.6147522862208198,0.3689035907230754,31.19072810530921,12,Female,One year,Fiber optic,1
-0.1395991705368419,0.3196287663661004,-0.15506204469847845,2.021026099047612,-2.096609114578356,24.92078740876699,12,Male,One year,Fiber optic,1
-1.2459114887173786,-0.07879068242174603,-0.8179372904264822,-0.0001926276203093602,2.7951032154925795,95.53934337037528,0,Male,Month-to-month,Fiber optic,0
-0.4299647119776636,-1.8297766393067907,-0.6380301656523745,-1.0598077406678614,0.15182928653419703,35.591095202039874,0,Male,One year,Fiber optic,0
-0.8696344020756708,-0.9973253073447648,0.5452584830261195,-1.5330741683778273,0.4337746774491067,35.99748091611247,0,Male,Month-to-month,DSL,0
-2.561186688312454,-0.5363051343448644,-0.5561645694219997,0.4338587054957799,2.39320201034183,28.20700118621766,0,Male,One year,Fiber optic,0
0.40794859436336917,1.7405345690172132,0.5627198600820792,0.6571821623067262,-1.5630115039431418,63.64285656195547,36,Female,One year,Fiber optic,1
-0.16335142300620276,1.148208884536019,-0.8490234320820353,1.2136390997382387,-1.572981738425113,29.644937458748327,24,Male,One year,Fiber optic,1
0.001774548762504713,-1.0318059516610991,0.6061496997584691,3.1823275226916183,-5.0148891958579815,49.927729373913614,24,Female,Month-to-month,Fiber optic,1
-1.918544174021446,-0.1403754303821514,-0.22078914979205388,-0.045176753648977996,1.0863093629997467,44.127679141758485,0,Female,One year,Fiber optic,0
-4.22068819413097,-1.771039324796936,-1.0835965446725375,3.2579040637268193,1.7136333654871438,72.76065154238616,24,Male,One year,Fiber optic,1
-3.2506726808004656,-3.939768356863892,0.4586004538776307,-2.585097775343347,4.37387502275213,29.49885197946584,12,Male,One year,Fiber optic,0
-0.04153948730445889,-0.7557227069791139,-0.4055873567476789,-1.8531476247488392,0.6824334068136226,65.46123933622707,12,Female,One year,Fiber optic,0
-0.5743044690811956,0.5356753533309784,-0.5866157355597524,2.1383749836549075,-2.225496289787005,20.088191391159445,12,Female,One year,Fiber optic,1
-1.1904832053202545,-1.495101240734335,1.0237023365900986,-1.7082521186913209,1.395289609579806,71.24534717738135,24,Male,One year,Fiber optic,0
0.42881692380387215,-0.07752887292978505,0.3308635310669119,0.6127858686612623,-0.2687408967818442,32.47243981554688,0,Male,One year,Fiber optic,0
-1.1716592323597494,-2.1615872370191513,1.270845621075548,-1.6033025874714428,-1.5300393161408132,32.988707681034214,60,Male,Two year,Fiber optic,0
0.4501856644817178,2.0273197454695016,0.9011117810621716,-0.865550074216745,-0.020568332544434263,43.744134125523814,0,Female,Two year,Fiber optic,1
0.5235671432599593,0.2718333682969343,0.12677060114211314,2.0644303368489045,-3.7550394304544823,21.328989534691768,24,Male,One year,Fiber optic,1
0.35948602796487217,-2.620032210819185,0.9963884256430097,-4.759883515534975,1.1040399697514176,86.83276341412535,36,Male,One year,Fiber optic,0
-2.1500556094130925,1.320845826214104,0.83922514466879,0.45593022842549735,-0.4861363887986762,38.098728070800334,12,Female,One year,DSL,0
-1.850815312713947,-0.7460508042516096,-1.5069222991380136,0.6861845710913295,-0.5969109130012707,22.85857208219057,12,Male,One year,Fiber optic,0
-1.4390346509177097,-0.07029836333190953,-1.5492024451478383,0.28888012644731687,-1.0452890025924402,53.78011683482495,0,Male,One year,Fiber optic,0
0.08126640615364078,-0.2408414049819263,2.480650917512143,-0.5709571451652161,-0.8875396910731941,20.336578751343268,24,Female,One year,Fiber optic,1
2.8550325122564653,0.8904020440897117,0.7202240169054077,-3.4408689715286123,-2.168974853006493,28.376952318847373,24,Male,One year,Fiber optic,1
-0.7915684356772877,-0.28223714751198203,-0.46610819954417965,-2.219752603092384,-0.2578012501866516,30.526721803226465,0,Female,Month-to-month,DSL,0
-1.2535815555686585,-0.6997498309443442,1.0248864327659302,0.13775166227738833,-2.516540094301368,58.68860889798619,24,Female,One year,Fiber optic,0
1.0107104898033508,0.3832706112213703,-0.9117822876686418,-1.8743074089576994,-1.1479310254657356,34.49131658138306,24,Male,One year,Fiber optic,1
0.2880576924751831,0.028296407389647338,-0.45662878572190524,-0.5741285638611187,-1.287115974576507,29.112574854780224,12,Female,One year,Fiber optic,1
1.6429837878139364,3.9748660938691995,2.143444818543648,-0.2957455981751079,-1.0274539168355215,129.71983287203128,24,Female,Two year,Fiber optic,1
-1.9676311072884491,0.27484628744449613,-0.6481324338877777,-0.6989273818766337,-0.5394664432936535,32.37044270427795,24,Female,One year,DSL,0
1.0081873155090149,1.5632272888398826,-0.6073230454709151,0.097962063082764,-2.0493905194332434,80.24984955186613,0,Male,One year,Fiber optic,1
-4.161343035438403,0.5511866826516377,-0.8790162689504512,-0.2057695635825032,5.209590692149366,47.068031689806695,0,Female,Two year,Fiber optic,1
-0.5048783704503728,0.28739838434366205,0.0953033991536178,1.184533812520521,0.1941046052784776,46.784179209094134,0,Male,One year,Fiber optic,1
1.2551639896941857,0.15449597972111728,1.333638561859827,0.96316459900024,-1.890569424832202,27.32557881418736,12,Male,One year,Fiber optic,1
-0.8812040683102675,-0.19809416489550224,0.3997799176168511,-2.823156740552034,-2.456220426939935,49.586099448365545,48,Female,Two year,Fiber optic,1
-0.5617270739147411,2.5401373983668547,2.3330355621114673,1.5505913278801553,-0.6139224242118232,107.50416581624235,12,Male,Two year,Fiber optic,1
-1.9611085165863893,-0.1162568530333129,1.3593852232307442,-1.2706187764155747,0.6568519425142484,42.66904986571204,24,Female,One year,Fiber optic,0
-2.038228900753994,0.7702622898275573,0.5516802322559695,-2.8922440475882762,-1.0512352685894992,26.460180593983118,36,Male,One year,DSL,0
2.335058153446898,0.3807549665626936,-0.30924390763272963,-1.860649348711599,-2.9297906952288755,44.41098857250738,12,Female,One year,Fiber optic,1
-2.2479282235676443,-1.4994791604337132,1.7379047618352501,1.2167992456594052,0.458304532484838,32.03442576006722,0,Female,One year,Fiber optic,0
2.6886729208463738,1.4041447096918511,-0.3152781874521438,-4.095379282316491,-0.7691772280751651,22.722202864365656,24,Male,Two year,Fiber optic,1
2.087804003082986,1.6527677809924595,1.2849167848750833,-2.723185339050916,-1.135522434037959,21.25312646714365,12,Female,One year,Fiber optic,1
0.6537597634396781,-3.796237650880505,-0.16683966769392072,-1.3328417309269736,1.0594168967066537,49.91326995253678,0,Female,One year,Fiber optic,0
1.0470203644445528,1.2288422336483638,-0.18166092718580473,-0.3539244220640245,-1.8709242789522793,49.660463382326405,0,Female,One year,Fiber optic,1
-1.9128508582605936,-1.2978283368949826,-0.4050110714506975,1.117755141086897,-1.5112625133794908,55.34122178571309,12,Male,One year,Fiber optic,0
0.5800420144695144,0.8107702495524061,0.995954928226406,0.37104102570631237,-1.9450980878405284,53.374512046847116,0,Male,One year,Fiber optic,1
-0.23617885469981792,0.7149776543885054,-0.46262927659289066,1.6300115913129303,-2.7835634916560603,82.58381442670763,0,Male,One year,Fiber optic,0
-0.13886064724146685,-1.531575699209085,1.3939245305410728,2.3957749456182347,-2.995927165149535,33.99078278996079,12,Female,One year,Fiber optic,1
-0.9508003441221882,1.62519354437971,1.4947310072693043,0.8224898873138584,0.8619726427161081,37.937878954200215,0,Female,Two year,Fiber optic,1
0.17144732252288153,2.427203324983476,0.44228163833031,0.8840664236427307,-0.746219933855932,92.69246553532955,12,Female,Two year,Fiber optic,1
-2.3437197212493137,-1.3788159907359647,-0.7155127661227486,0.3570719578805489,-2.11381080032252,40.0229087805408,24,Female,One year,DSL,0
-3.759426280593228,2.552703971139433,-0.9908607540167149,-0.6486173315241122,5.594870213049056,76.73424736890317,0,Female,Two year,Fiber optic,1
-0.5111731102179822,0.05981335096883966,0.6741440051199892,1.8119628912393715,-3.0324190729395086,30.33035020341064,24,Male,One year,Fiber optic,1
0.7319634536324662,-1.9946437814692435,-1.5732129395617072,1.954989094584328,-2.083651970842379,55.02153504664284,0,Female,One year,Fiber optic,0
-0.4312815790045096,-1.1921138690045099,0.28158340508583424,1.0994673569548714,-2.156794151543479,70.23515966218055,12,Female,One year,Fiber optic,0
-1.1603665267092673,-0.5815590197731815,0.34929277235420775,-1.6142750972386433,1.1791682338848837,73.29815555487968,12,Female,Month-to-month,DSL,0
-2.5454377706574274,0.3136695955464104,-0.446454478255048,0.7095499976003841,0.7842012782367773,31.370254554478535,12,Female,One year,Fiber optic,1
-2.1859430676332074,-0.2486013569361123,-0.18398866010296422,-0.6017238168549424,-3.5779162675398477,52.043676805446985,36,Male,Month-to-month,DSL,0
-2.0406019408098652,0.05275132500326052,0.32856311518751524,-0.4563282561823404,-0.12101445176823253,24.91565437709793,0,Female,Month-to-month,DSL,0
0.7034177700610684,0.02819072709806858,0.7159104161288095,-0.8046698361554936,-1.537585050298821,27.909877567512037,12,Male,One year,Fiber optic,1
-0.9993405926606553,-1.2108099824935932,0.21229961766047659,-1.2304966617962596,0.35984387813132424,51.20919249254582,0,Male,Month-to-month,DSL,0
0.4625302726822518,0.28088853017695925,0.13945246602919717,1.709654604552581,-3.0939696792632256,33.23231081208783,24,Male,One year,Fiber optic,1
-1.2775591283695844,-0.4703599289480278,0.02884889479318494,-0.4628558477298992,3.4842114959097934,40.52416873007837,0,Female,Two year,Fiber optic,1
-2.0321959349458583,-1.5802945970432336,-0.36880326518886875,1.1432044603594436,-1.6294636395237494,30.163615217899565,12,Male,Month-to-month,DSL,0
0.10718396157666787,0.5320204789001084,0.12592382048545514,2.3580354104218166,-2.1768866462582666,32.79607527891528,12,Male,One year,Fiber optic,1
-2.0545974970470304,0.22437155737306502,0.2557842523263653,0.9702298663671999,2.3759305314816817,25.749768144264117,0,Male,One year,Fiber optic,1
-2.748685996369076,0.8638056223761599,0.10076282290159877,-0.4018453540103655,0.9948398963154489,36.73084937681995,0,Female,Month-to-month,DSL,0
-1.311245337499073,-2.863822816574749,-1.026710491785266,2.487732072777222,-1.5757794288358284,34.39839275040446,12,Male,One year,Fiber optic,0
0.29381873182760376,0.25572279340146964,-0.14817853349822913,0.2708618049221835,0.34137955425753297,26.804994977399012,0,Female,Two year,Fiber optic,0
-1.71484303124574,-2.7661268055358,-0.11358186823078863,1.507788071658521,1.6018981388900073,36.63218441276318,12,Female,Two year,No,0
0.062201290945027354,0.46059435224145706,1.2032127822922853,1.7673168330360984,-0.7378496938714225,84.1926804906921,12,Female,Month-to-month,Fiber optic,0
-0.41220507981750076,-1.2307298174598058,3.285723713681842,0.6615914810962138,-1.821445531137743,35.16075065750253,24,Male,One year,Fiber optic,1
2.3170831676552117,1.2657408442671774,0.14888660395377015,-3.026765337082111,-2.0561636188320462,28.609416128270084,12,Female,One year,Fiber optic,1
2.8808844506313984,1.0993083829907504,1.4094344240509098,-2.819909307393108,-2.9086712132245602,33.816961065272594,12,Male,Month-to-month,DSL,1
0.6586365526302381,0.5247797893286816,0.6665425319826307,-0.5266086093056508,-1.377785910935792,29.712505891429416,12,Male,One year,Fiber optic,1
-1.090584320308179,-0.017635478485934275,-0.6958096106261655,0.5495578132120371,0.4131014797155769,24.716555469948883,0,Female,One year,Fiber optic,0
-0.9521303426219101,1.144354994392625,-0.5508574703286617,2.23908612027882,-2.600113984161739,36.57593638867299,24,Male,One year,Fiber optic,1
-0.15604191723736005,-1.534236326678104,-0.09665390961814083,1.6685461110838662,-0.8345185028579751,46.33351701356287,0,Male,Two year,Fiber optic,0
0.006305708708310265,-1.0329297014715246,-0.858475891172642,-1.3734860940979825,0.7681132156068683,85.7693862971267,12,Female,Month-to-month,Fiber optic,0
-2.686310498335727,1.6190047857760574,-0.2487234240825326,1.2587076011404914,2.144353153010267,49.598104569182645,0,Male,One year,Fiber optic,1
1.2768110875570637,-3.9549094557028215,-1.2883514192040415,-1.2032349297887914,-0.27243956735339026,50.50640069187391,12,Female,One year,Fiber optic,0
-0.17866581931073455,2.042098121527991,-0.9024147207441254,1.553047358283509,-1.2047945927986952,27.907299999040244,12,Female,One year,Fiber optic,1
-2.736146352498556,2.1242676571354915,-0.8157060480993442,0.6198247738840935,3.8540684160500023,49.34242747302505,0,Female,One year,Fiber optic,1
2.846843425151434,0.6248349714035499,0.8804864602241314,-3.43875677605838,-2.401560808398935,29.927929886354534,24,Male,One year,Fiber optic,1
0.829304425333236,-1.6425320237542835,-1.6176214586261501,1.1514915569777697,-0.13318287562768047,53.055447790609634,0,Male,Month-to-month,Fiber optic,0
-2.7467366315785506,-1.807704490874329,-1.2212973846052253,1.894858896261638,-0.41023069700017534,24.356446149803386,0,Male,One year,Fiber optic,0
0.9377543657010792,-4.034120561323183,-1.0427750567564191,-1.9178435781877279,0.2406643209401861,52.697938051542074,12,Male,One year,Fiber optic,0
0.9548079315644478,0.02708187121023309,1.8167932366623727,-1.2343229558624946,-1.016533063987747,36.95142628922336,24,Male,One year,Fiber optic,1
1.039871306582093,0.6740284570100858,0.11033543315937581,-0.05293480080178603,-2.000912213467931,62.81892020913184,0,Male,One year,Fiber optic,1
1.9433457028500842,1.5396491643841093,-1.7367268177644393,-1.9649932850249061,-1.1204154960617236,42.451880713668764,12,Male,Two year,Fiber optic,1
-0.8577199214439948,-1.882445377514904,1.1974885400381745,2.537501786786784,-0.38106474164784115,26.100927804539126,0,Female,One year,Fiber optic,0
-1.214296910681043,-0.29064868732287175,0.2774211112373432,-0.2147652827126616,-1.4373445245160499,33.1562695303834,12,Female,One year,Fiber optic,0
0.5111614503418966,0.9082190656498266,1.366746736694397,-0.8791617573746675,-1.3902257410244678,37.14269142869727,0,Male,One year,Fiber optic,1
-0.12494991399756816,2.5939714974847012,-0.5687057065970534,0.6260211074675521,0.28348193540264344,58.30216946866926,12,Male,One year,Fiber optic,1
-0.3172752620680541,0.2514753944795607,-0.9448144902417202,0.08888925799479663,-1.7838670926521547,37.91240872430244,12,Male,Month-to-month,DSL,0
-1.3582104264048298,0.37556133410494863,1.1891297814534663,-0.3689556571521384,-0.1649879184696339,25.517538606114705,12,Male,One year,Fiber optic,0
0.12266489346626575,-4.903481581686082,-0.7225967814014777,0.5866988361500147,-0.7691529557751793,42.991672550879045,0,Male,Month-to-month,Fiber optic,0
-1.4667161376825952,0.8131912308111606,-0.22788428838190591,1.7814755426898135,-0.8306834853193718,70.48027914537738,12,Male,Month-to-month,DSL,0
4.191337642637496,2.612466749126413,1.1671959833590948,-3.7023191729859812,-3.3143631299335956,76.00321629807644,0,Female,One year,Fiber optic,1
0.018025978153856093,-0.07575492818935614,1.8331141483984492,0.8159308004029695,-0.11533767695673929,30.28567663499944,0,Female,One year,Fiber optic,1
-0.017725035560007818,1.8587483440778567,0.4438928390428866,-0.7356390973214081,-0.8419380255706677,63.33902241442825,0,Male,One year,DSL,1
0.6951148097808528,-2.2104388831908244,-0.8238613106230867,1.5652852941228486,-1.6392011738207823,56.8821155162297,0,Female,One year,Fiber optic,1
3.7313085876569345,1.8533373142244216,-0.3190629197847002,-1.9389443431118116,-4.010782605165483,97.87388065298815,0,Female,One year,Fiber optic,1
-0.5776053170297706,-0.9257155108753917,0.39464408335666606,1.6799470326286472,-0.5017677348699768,56.93136736661317,0,Male,One year,Fiber optic,0
3.98012728847478,0.4721533174768525,1.1632821327942087,-3.1962468731695957,-4.287824945085923,45.766304332381125,12,Female,Month-to-month,DSL,1
-0.07780281851681314,-0.24338000061041687,-0.9203586163069252,1.4043371036252221,-1.7071106715455504,49.79236516461009,0,Male,One year,Fiber optic,0
-0.8830101804207318,-2.5480363393388936,0.09852602490538785,-3.3199834745841414,1.9256100238980411,52.31762381955419,12,Female,One year,Fiber optic,0
-1.9574557266856758,-1.7909388194467506,0.44570914013536694,-1.8698376486946793,0.6317932709132472,24.537586079858098,24,Female,One year,Fiber optic,0
-1.2247772331038091,0.2534074356978778,-0.5893365645851804,0.1958123905742355,0.06411877297037644,42.6581752764185,12,Male,One year,Fiber optic,1
1.5167414496082765,-0.864464138072972,1.828974756254353,-2.5924166534129753,-0.502175951222438,58.901857318319976,12,Male,One year,Fiber optic,0
2.054367000502662,0.5298417344201498,0.5878351218657896,2.088573713132851,-6.265401528017276,25.099784021721916,48,Male,One year,Fiber optic,1
-0.1993568530199552,-0.022513378307885246,1.5208512320637795,-0.886274075350627,-1.0588587982085076,26.59379125306001,12,Male,Month-to-month,DSL,1
1.0956547035274369,-0.6364670365542012,0.5602808936789537,0.980007036610475,-2.5084111309709423,31.451229333416876,0,Female,Month-to-month,Fiber optic,0
-0.9160167491191287,0.17552432573342625,0.014381996244265737,1.8285973773605109,-1.6884467159828627,69.78489406839489,0,Male,One year,Fiber optic,0
-1.6071503328835641,1.4645731007297915,-0.3069940458834018,-0.5979962964116308,3.8956691830564942,40.74896475916664,0,Male,Two year,Fiber optic,1
3.571713657320485,2.06481497419185,-0.68135160643521,-4.029935482991492,-1.9841505402019077,40.10058204669377,12,Female,One year,Fiber optic,1
-1.0751090358878788,-0.8768227736415312,0.8889400055930373,-1.6850344953658252,2.082901130502391,78.93864650786892,12,Male,One year,Fiber optic,0
-0.056538163713731215,-0.022050448182836302,0.06243170332744294,0.07929151937267553,-1.318055264313695,25.69082329633966,12,Male,One year,Fiber optic,1
-3.8174946794718645,-1.700937381803775,0.5172754273613065,1.9935631313496827,1.6353298073138975,26.036308276614633,0,Male,One year,Fiber optic,1
-2.697296631787313,-1.5726212698225883,-0.37051335659386964,-0.7380329506035472,2.394950661046364,50.070736575668434,0,Female,Month-to-month,DSL,0
-0.9850850270331546,-0.4749650700927729,-1.9837622094530445,-0.8410830301486226,0.552388148942168,73.17593672259547,12,Female,Month-to-month,Fiber optic,0
1.4032714733214997,1.5629041101100625,2.0540955829236434,-2.062922654363099,-1.201438117392421,49.038748769285604,0,Male,One year,Fiber optic,1
0.34041976741116,2.6829250669302676,1.1574219459938258,-0.23952742757934997,0.9981634497995786,64.34590572104463,12,Male,Two year,Fiber optic,1
-1.175570015781442,-0.2087801430009153,1.346673001401146,0.8571565943495649,-0.5421527463472194,49.081874447364164,0,Male,One year,Fiber optic,0
-0.23388700271801632,-0.6956204820535731,1.6826475940132972,2.071960504533517,-0.6986307009680219,47.50953986022938,0,Female,One year,Fiber optic,0
1.4290274670498113,1.6215737335226037,-0.29789534474353074,-0.8502662295232681,-2.5737448142121035,91.40237576673152,0,Male,One year,Fiber optic,1
3.4367517917860444,2.257085822929083,1.5533546990558944,-2.6351592493940417,-2.886367596038384,72.68847319171684,0,Male,One year,Fiber optic,1
2.9331981934339604,1.4296051392929205,-2.9538234854006244,-2.8183972049639836,-2.19502015653052,69.83684710655595,12,Female,Two year,Fiber optic,1
0.11385493384424217,-0.16613411450107018,-0.4121611450482137,-0.4850435437816376,-1.1550821139664,22.725940162464404,24,Female,One year,Fiber optic,1
-0.5766738818212264,-2.0008408245055387,-0.6833810365201296,1.0226885192969177,-2.3760695433272385,50.09825739830262,24,Male,One year,Fiber optic,0
-1.8476545979273808,-1.5567238242713954,-0.36671766857603316,-0.9904214973403771,-0.7623920493495414,25.883770417079916,36,Female,One year,Fiber optic,0
0.19035593247938043,-2.382390552706039,1.7444955493598882,2.1508632489759876,-1.6857241628214508,44.8576099132878,0,Female,One year,Fiber optic,0
-1.7499853699546848,1.903668040719393,1.7123077283669226,0.5111923998341257,2.4296442631247626,48.56034654566726,0,Female,One year,Fiber optic,1
-0.34960277451872757,-2.9639433757227462,-0.005040870223528701,1.8348562281506786,-2.8631250700648483,39.944295806933994,24,Female,One year,Fiber optic,0
-2.0685948279512703,1.3997028523403916,-1.1595355504504887,1.186353324680911,-1.2677456515372034,52.09407228185748,0,Female,Month-to-month,DSL,0
0.2381694093925928,-1.7635716756025315,-0.18707426992272058,2.0921765482811683,-2.8681307035247126,35.84144564687124,12,Male,One year,Fiber optic,0
-0.6183873626134309,0.11950937023293928,1.3114808189602953,0.04670335764766009,-1.5597118891840496,33.376594253334844,0,Female,Month-to-month,DSL,0
0.883627234014978,1.8899751262192432,1.1120606800331574,4.428889715171432,-7.181566163555853,29.133261168837436,36,Male,Month-to-month,Fiber optic,1
0.6714391467034271,0.6681902131499018,1.2084399891360882,1.849154123596217,-1.4597470056451287,25.69642176210459,0,Female,One year,Fiber optic,1
-1.302550016482809,-0.7427274991360904,-0.15308373300965544,0.4993239054942087,-3.7064926094515735,69.94284632157405,24,Male,One year,DSL,0
0.6891137246857204,-0.5846518161581769,-1.6840040177961646,0.393166108561267,-2.4982392464174015,39.48293151261211,12,Female,One year,Fiber optic,0
3.409899036385051,1.099612751527567,0.9075323007926969,-3.431631144703539,-2.646033273746058,21.231084886319913,24,Male,One year,Fiber optic,1
-4.457342005459553,1.8081818088360353,-0.770226983110142,-0.3600655991662667,6.28925209549696,72.01165208649346,0,Male,Two year,Fiber optic,1
-2.4157134413613583,1.6181779815612307,0.005085396128234085,3.0872406111043142,-1.5115409223856828,26.743927497978884,0,Male,Month-to-month,DSL,0
0.6384192138508271,-0.218779740568935,0.4003682894625609,0.7619837833066814,-2.4086265087196916,65.06463905315002,0,Male,One year,Fiber optic,0
1.4221642873791054,-1.1776131589757506,-0.2785847237567147,3.7775338333555952,-1.8384958515614835,104.80487511317722,12,Male,Two year,No,0
-1.518770059357116,-4.507564015486758,-1.464706681617567,-2.861856282758476,3.7122227601243902,55.25113498360965,0,Male,One year,Fiber optic,0
-1.082612180310549,0.788077490598502,0.23053366721133914,1.5695793108906422,0.5177315975092686,50.82535544682702,0,Female,One year,Fiber optic,1
0.6219874740128422,-1.8657370877110395,1.4295196585259922,2.7002259895566816,-2.1059913138379223,62.80737842952668,0,Female,One year,No,0
-2.030267337350098,-0.39677122130696096,-1.5207215296341199,-0.18553848853364174,0.13595527108840025,34.339969675290526,12,Male,One year,Fiber optic,0
-2.204375820056445,-0.44700068304418583,-2.3981630952508977,-3.08445117254076,4.439329074571379,115.07237937542442,12,Female,One year,DSL,0
4.020996150479972,1.7316286308865227,-1.9633586432655206,-3.498250910742482,-2.721901840591762,48.782957084621984,12,Female,One year,Fiber optic,1
-3.332888092671423,0.1922143465413303,0.7569527361278201,1.3253473405466831,2.448004385083968,52.19682432621194,12,Female,One year,Fiber optic,1
-1.0709331147237577,-4.971757349173639,-0.03789283179468944,-1.8444171888918435,3.2021778353184693,35.87978030638975,36,Male,One year,Fiber optic,0
-2.451849774773597,2.6751529448634663,-0.5588162917367949,1.6239644101065212,1.9866278200497927,62.21705504807307,12,Male,Two year,Fiber optic,1
-1.7417549847219815,1.4927538792130945,0.4532740421331758,2.326416080715312,-0.17279958629717504,75.75309452135266,12,Female,One year,Fiber optic,1
-2.0911983527867406,0.44478773086090695,0.8708175518634642,2.3712659400330804,-0.11185013267495843,52.14533352254432,0,Male,Month-to-month,DSL,0
-0.07153113437889447,0.030424440363396088,0.4543314331522287,-0.7270688053388683,-0.5214237054950843,26.27448570924935,12,Female,One year,Fiber optic,1
-0.03878074924783792,-1.823366106941763,-0.7768620986213922,2.6517927743335243,-3.223404786960849,54.029553909070046,0,Female,One year,Fiber optic,0
-0.06983633606834194,-0.38633622775286147,0.8601507958725464,0.5943509089349904,1.37063258075134,55.3883458015987,0,Female,One year,Fiber optic,1
-0.3136796742681225,1.263441669484189,-0.7334251668172389,1.1637889017685838,-0.6424456671108906,29.94228831534604,12,Female,One year,Fiber optic,1
-1.3339212704311012,-4.889592823017576,-0.6651073710188052,-3.6716524939026454,4.862393390151764,60.555546985213915,12,Female,One year,Fiber optic,0
-1.1035639587093016,-0.5413780906097362,0.40113826126422947,1.3064166554786094,0.6640616003238758,22.87113671052825,0,Male,One year,Fiber optic,0
-4.101536463085965,2.0959932532844805,0.6160257087476715,-0.5063979234750449,5.942720619207409,74.46198707218069,0,Male,Two year,Fiber optic,1
2.584688723975238,0.847414975615191,0.18964795487489794,2.195586782888567,-5.03986664630537,21.770839347373386,24,Male,One year,Fiber optic,1
-2.1035393503592656,3.6710032167310738,0.13493953016324978,1.440289925218547,-2.1770109462288203,59.95625787251498,0,Female,Month-to-month,DSL,0
-0.37113029098977957,-1.7528393647481288,-0.9926590154515813,2.512353344916386,-1.3690648660516116,49.429173585984586,0,Female,One year,Fiber optic,0
0.332649315150781,1.8632294917934407,0.8873089624597463,1.3089185132333037,-0.3372671783257196,44.26510700856194,0,Male,One year,Fiber optic,1
-1.353404313147979,1.3579683378121459,1.1726975771850672,0.08526854630539238,-0.8969575314656416,46.275749740724635,24,Female,One year,DSL,0
0.4072395290923445,1.044937967274624,1.3824333409054328,-0.1898957255057625,-1.2440294274859838,41.29314621734148,0,Female,One year,Fiber optic,1
-0.43916450833844045,-1.3144728180720187,-0.12528662276943797,2.6505340445801218,-1.568249158105315,63.28014577991044,0,Female,One year,Fiber optic,0
-1.2580974193551062,1.208296283654314,-0.3206244763068117,-0.7165644260026891,-0.8095702301068868,54.318207877606824,0,Female,One year,DSL,0
4.645000601701195,1.1635817212997757,0.6126263773371126,-4.858409615490883,-3.408603421385512,24.043204373658575,24,Female,One year,Fiber optic,1
-2.783775428766715,1.133919177687803,0.3644260771353479,-0.7402982494722836,4.759858040197025,69.90843216152753,0,Male,Two year,Fiber optic,1
-3.2328159481318965,1.7486082020375422,-1.7072259945705526,0.11215586255578136,4.671748127983416,63.47568096070092,0,Male,One year,Fiber optic,1
-2.6074980865267694,1.180769922845729,0.5712830531642964,1.773440314485026,-0.7258599626737552,28.8544979371264,12,Female,Month-to-month,DSL,0
0.05127993990407087,-1.6658959757580545,-0.19559323684922542,2.20699627788818,-1.7609686724741198,69.56974479381321,0,Male,One year,Fiber optic,0
1.2249087730472545,1.735567016787226,0.07920292868964361,0.703084401501382,-2.638090191379962,99.690386203827,0,Female,One year,Fiber optic,1
-0.8735843281887515,3.456883522476287,1.1941481480131266,2.35986107785494,-0.8375917624711725,58.32449364813144,12,Male,One year,Fiber optic,1
2.4274066222639026,1.2442606232907942,0.818313736319962,-2.4976014431620763,-1.6821793338213444,35.21208537066262,12,Female,One year,Fiber optic,1
-2.574219003372664,1.6367019592158376,1.9046798820816377,0.8222384789745127,2.4784685745460022,69.37995009546853,0,Female,One year,Fiber optic,1
-0.7758656827643393,-2.624641667336597,-0.3564769686295441,-1.1906111604999177,2.729762214997859,87.71606858268245,0,Male,One year,Fiber optic,0
-1.9916102260878161,-0.46395673587877684,-0.17667509270824255,-0.3813641411514843,3.7130018435656154,31.725038111627807,0,Male,Two year,Fiber optic,1
-1.6982426062583826,-3.483674959264082,-1.5941763252676036,-3.2198471113792686,2.7075911343430783,47.19344752635415,0,Male,One year,Fiber optic,0
-1.4212207429982424,2.0696981468151576,-1.8162665001339957,-1.9149007171861852,0.26443813362490126,24.24982536367539,12,Female,One year,DSL,0
-0.9977696146252247,0.4071188157765744,0.26525702358040226,-0.8497196013835216,-1.2669858597060026,42.96601317768716,24,Female,One year,DSL,0
1.8376222379944163,-3.0219340748469237,0.14147895293467364,-2.5208625292864237,-1.2261875212779145,26.356688957646384,0,Female,One year,Fiber optic,0
1.661382257931498,0.3728649405334884,-0.13118015426484034,-1.1267361527609192,-2.803667109973449,36.68214186317449,12,Female,One year,Fiber optic,1
0.026006816910227215,1.3155796130222623,1.1875918180180127,1.377674477051222,-0.4210961030680087,65.40809286189301,12,Female,One year,Fiber optic,1
-0.5770236574994032,0.18538321415816283,1.25215903696611,0.3033314914665932,-1.2634331382087949,37.60435570573231,0,Female,One year,Fiber optic,0
-0.3321548728661228,-0.48290201999660676,-1.4872897932074287,0.2726313378470997,-0.62698754997253,48.08401887128448,24,Female,One year,Fiber optic,1
-1.1095246954397548,-1.8582677749611456,-0.04128077339237078,-1.533867718801262,2.880318512045567,99.88274034800344,12,Male,One year,Fiber optic,0
-0.5233251107587222,1.613468176410696,0.020029748824347503,0.6911988462422054,-1.545312807853617,24.493643460170347,24,Male,One year,Fiber optic,1
-1.1936386899839386,-0.865804462577192,0.30915771951746424,-1.2957164472464595,1.206486517766726,63.84310667830009,0,Female,Month-to-month,DSL,0
1.0256843478572786,1.7826795363999761,1.2937531558659603,-0.509850590134312,-2.2375319118821846,71.69954864390871,0,Female,One year,DSL,1
-0.42624418399614594,1.8852202689370998,-0.8555326699056159,1.3674258546347906,-1.3221944951341875,43.41233736878543,24,Male,One year,Fiber optic,1
-2.0915223806780574,1.2183497205032519,-2.431121163971628,0.5109465024592746,1.847152165608785,39.97997274487446,0,Male,One year,Fiber optic,1
-2.6837079346380825,-0.42326838047005944,-0.8511147868343866,1.0860799176915248,4.177273161681949,48.035645862193704,24,Female,One year,Fiber optic,1
-2.5791953887800787,1.804301788896311,0.5508128351835049,0.015851788483424833,-3.0707032281060207,33.95999321292295,36,Female,Month-to-month,DSL,0
0.24293988102447317,3.381538371822362,1.2672736463183818,1.6449387995545424,-2.7550067430003358,62.0991148172369,36,Female,One year,Fiber optic,1
-1.7116847549014882,0.5107449803989219,-0.6490763335666393,-0.011012213761813938,-0.8530872110035622,41.69065186892938,0,Female,Month-to-month,DSL,0
-1.1815215275488744,-0.7638850760992071,0.7164302036574001,2.064566697685338,-0.6777505758772905,21.466738948472436,0,Male,One year,Fiber optic,1
-2.965610842814694,-1.7898834879978427,-0.44032568467619043,-2.085269762220872,2.5230785330492007,29.560391178296516,0,Female,One year,DSL,0
-2.8171190708521787,-1.005494921904564,-0.3484661913619802,2.2192580536692934,0.8551863690465844,28.788858220810802,0,Male,One year,Fiber optic,0
-2.387797970751446,2.8480740703955854,2.0603415438368318,0.2204298227811673,3.6476745268435495,78.47695047638862,0,Female,One year,Fiber optic,1
-0.30182011453310764,-1.1917959205971147,0.37421673480247836,0.1608311713560293,-0.6480437275380706,30.17414795935096,0,Male,Month-to-month,Fiber optic,0
0.4355461943745329,-2.056278410272502,0.09741734306431274,2.8862785232942416,-3.422730570592949,86.27384805095738,0,Female,One year,Fiber optic,0
-0.8743648809116302,1.1520518429018949,-0.24439983553751055,1.3740778983119448,-1.1618655205402608,43.014717634497,24,Male,One year,Fiber optic,1
-0.7441155258294314,-1.958697366481608,0.04132683187700316,-4.996062648871275,3.4911200827409483,63.42604427288748,0,Male,One year,DSL,0
-1.2092988427077314,-3.2521529345473077,0.959496076599441,-1.3076135168451195,-0.607045871824246,22.423956659892514,24,Female,One year,Fiber optic,0
-1.2158793046953926,-2.3313959719798607,1.4513754610703817,-2.342013091955252,4.151933935047482,98.23825402903564,0,Male,One year,Fiber optic,0
0.5630354923764698,0.39996334948061274,-0.8500082547603859,-1.5674295202014252,-2.7677224327535725,24.960930947713,24,Female,One year,DSL,0
1.4179005487069556,3.553835358617704,0.5652471239747299,-0.8151043775003375,-0.7097535560016962,92.407725724636,12,Male,One year,Fiber optic,1
-0.9202474256418218,0.028222249510555852,0.27982159594427714,-0.7702872519906832,-0.15875382093350357,45.21318457536324,12,Male,Month-to-month,DSL,1
-0.8431577903971834,-0.9422423402981119,1.2983344897754168,2.564725444295962,0.40724766799230006,32.52779806639148,12,Female,One year,Fiber optic,0
0.1848051071587271,1.3966365157005465,-0.8264913757102347,-0.7124786456251402,-0.68191597866574,44.12227272147072,0,Female,One year,Fiber optic,1
0.5113408668897017,-1.3284129126780366,0.6277023945519214,0.411030535852676,-1.7638955297375862,28.755666168479518,0,Female,Month-to-month,Fiber optic,0
-2.510123428605568,1.6210722555533945,0.22032329169091786,0.13316391824577278,2.3096364692681575,50.591706529446526,12,Female,One year,Fiber optic,1
-1.1015693985368717,-4.324924741714716,-0.935082836427547,-2.122384085510031,2.1578708269979625,44.72937841579949,0,Male,One year,Fiber optic,0
-0.3801006560871789,-0.15788150896543662,-0.6610218815427124,-0.45012703344236715,-0.498140748436763,37.234156626627495,24,Male,One year,Fiber optic,1
-1.9899882707069432,-0.28576170699797854,-1.7971436676291046,0.8072231246016035,2.094703385153045,32.71334247497082,0,Male,One year,Fiber optic,1
-1.4744953442244746,0.21308743019177512,-0.31841685371830375,-2.4297699004856854,1.2249640547490546,69.43932208562524,12,Male,Month-to-month,DSL,0
-1.1568899309620275,1.7059671799538827,1.8379420299922753,-0.0011832493115195852,1.7317862455115736,46.49834422978958,0,Male,Two year,Fiber optic,1
-1.632326687899234,2.933244900814283,1.0028097519551404,0.08110830347862663,2.3481948587556465,96.50874916824039,12,Male,One year,Fiber optic,1
-0.2497493294904446,-2.3491939240241853,-1.8615133606592003,-1.8333704830988105,0.6414079462245893,39.32438200757154,0,Female,One year,Fiber optic,0
-0.31636310332666917,1.1472053585336401,0.2594788230864766,2.4843456978711043,-3.4747454202621544,32.206349992086544,36,Male,One year,Fiber optic,1
-1.6459345968186208,0.7025228661351064,0.06429487858758168,1.898838711410765,-0.020002196864135787,24.883511190807816,12,Male,Month-to-month,DSL,0
-1.1962040417672462,-1.6949675920181058,-1.2814149797780263,2.4236742671294085,-0.49354371895298493,25.08681928925396,0,Female,One year,Fiber optic,0
-2.8027511943691685,0.4342677903290455,-0.45566249801366066,0.3685247000412154,4.29642306652604,39.920322655235964,12,Male,One year,Fiber optic,1
0.9315406892749059,-2.906980525621147,0.8252244191816259,-2.67026809346137,1.1077677746813719,35.696787666919874,0,Male,One year,Fiber optic,0
-0.8840716703807974,2.106847756033194,0.8638273441557671,1.694183011047428,-1.5717369362355313,51.18403124090123,24,Male,One year,Fiber optic,1
-2.4937875564012035,0.5971293380594791,-1.1283513375107777,-0.28870773923248794,-0.14924374775988597,28.634723774304057,12,Male,Month-to-month,DSL,0
3.305796072945002,0.40459769482429253,-0.8665705544254966,-2.7401603619591945,-3.693006207042694,33.1161108693518,24,Male,One year,Fiber optic,1
-0.7036286515422404,2.479250338342208,-2.2993576962370614,1.044129655296897,0.1918314877493576,54.24453830077193,12,Male,One year,Fiber optic,1
-1.8415334857118095,1.6717746926558292,-1.7956132206423168,0.35152038632145843,2.7205727079416255,55.76126942282605,0,Female,One year,Fiber optic,1
-1.1538417712960383,0.016374173270969905,-0.4142107809275325,-2.205154477781573,-0.24629761392159685,31.094804265648985,0,Female,Month-to-month,DSL,0
-2.4634064330595176,1.4572560762665159,-1.5475310822744464,1.3466298790226414,-0.15259727345175608,28.743885627655246,12,Female,One year,Fiber optic,1
-0.6273483190596875,-1.0677900535417941,0.3094161851420503,0.6948064137276466,-0.7191902677176768,20.377039336844383,0,Female,One year,Fiber optic,0
-0.6148294983315106,-0.7678415032804349,0.8606854213686302,0.37655477745368393,-0.723813187899471,20.286813162563618,12,Female,One year,Fiber optic,0
0.27904246698621926,-2.1403592277228287,1.8680329249591099,-2.035959356686705,1.014261882226325,47.11388501658786,0,Female,One year,Fiber optic,0
0.30758130911738646,-0.691969907039344,0.5136752157933061,-1.20523096621406,-1.073415296144161,32.862722760541864,12,Female,One year,Fiber optic,0
-0.4769960903453597,0.03279899085986138,0.34809529178734483,0.9052766509378073,-0.6682090664032618,35.27520685012058,0,Female,One year,Fiber optic,0
-0.9390735139223878,-2.5838941845698837,-0.6069634458726355,2.9747700809009774,1.7175274049911604,21.242703434751494,0,Male,Two year,No,0
1.0867944644784373,1.6822555171035813,1.091027909191477,1.6941875664525283,-3.674486109950775,37.70447719375965,36,Male,One year,Fiber optic,1
-2.3731715901887864,-1.5573500512030924,0.11108835130483316,-3.0910447675267596,1.332074348886574,68.28857538995098,36,Female,One year,Fiber optic,0
-0.7761650294296183,-0.606570686465863,0.6099091226546439,1.2530710600475776,-0.5780053514417657,31.199643246672117,0,Female,One year,Fiber optic,0
-1.6096346144774296,0.168763857981177,0.45514638094951854,-0.13959865320473352,-0.666019638659818,25.838182729929486,12,Male,One year,DSL,0
0.9213481788529666,-0.3971456961144677,-2.820168822240691,-0.4227178148529547,-1.988116869382913,26.97630449227097,24,Male,One year,Fiber optic,1
-4.189070104708655,3.1012623970876265,0.06301765889922856,-0.2881998107657684,5.600990665448524,68.75785880815079,0,Male,Two year,Fiber optic,1
-1.7969803749038835,-1.296264553671496,0.6141058052896845,0.23707853402458579,0.9857044498529016,23.803112191873886,0,Female,Month-to-month,Fiber optic,0
-1.4687045251294029,0.4619569068666014,0.21453291888641599,-1.5380104459178692,-1.9596715559111315,21.78953025468588,48,Female,One year,DSL,0
0.13056301033469264,0.3776515313961374,0.6824892092606365,-0.16158391738945455,-1.2915268468782943,41.33616078560439,12,Male,One year,Fiber optic,1
-1.4885085212401565,-2.489507928466712,0.2733112495851642,1.0041906269605003,-3.852152302733461,70.37597035819431,36,Female,One year,Fiber optic,0
0.49505032505561264,1.4061689509615074,1.9553262161497902,-0.1262587389503229,-0.5641043124541447,39.14421699422468,24,Male,Two year,Fiber optic,1
-0.9828700384009198,-1.3472069964957702,1.5428881055391184,-0.6191366344067044,-3.0724866514096263,47.849855862656895,36,Female,One year,Fiber optic,0
0.36138401392443353,-1.1704407202757798,0.5553796561497687,-2.1471599520907705,-2.2616950938330365,21.951363615350413,36,Male,One year,Fiber optic,0
0.3268685532563951,0.8300651160838723,0.026341288747435306,0.7896443672080414,0.019345267587281896,56.13967936086735,12,Male,One year,Fiber optic,1
1.0168951166716638,-1.9797293005844119,-0.4000574338825259,3.3580971629133782,-0.1473439268431377,30.79548574011621,12,Female,Two year,No,0
-2.4411246502635735,1.5673194261361494,-0.10552493877095426,-1.2423283877490992,2.7684751495312683,61.622270961818145,0,Female,Month-to-month,DSL,0
0.33449593132780486,1.6483775863596561,-0.3159639513526983,0.1547813864207077,-1.5583500063991336,71.0271228668583,0,Female,One year,Fiber optic,1
-0.5077405756384135,-1.0655858085596734,-0.3993300229002119,2.0299561033901714,-2.2041004216691724,51.32832336547569,0,Female,One year,Fiber optic,0
0.9835843453625712,-2.5011297060317883,-1.037795473018184,-2.8274568400262283,0.7305476037723042,76.55668151190108,24,Male,One year,Fiber optic,0
-2.944322491626137,-2.3557081174213845,0.19380900833111825,-2.3277560104612434,2.9759818079514933,71.69083522390696,12,Female,One year,Fiber optic,0
-0.5429841654288288,0.21940640953269264,-1.3411300326557107,1.6714755919274151,-1.7615263436703812,80.31585381160696,0,Male,One year,Fiber optic,0
1.4629555360030684,-1.3121361980534214,-0.20025382681277568,-1.007299303673316,-2.9465614824492397,46.63411317577504,36,Male,One year,Fiber optic,1
-1.1288933762724145,0.22752529323760795,1.6180684811660395,-0.9120141237433297,0.5406977504808412,41.52369625379044,0,Male,One year,DSL,0
-0.9253804513254064,-0.7863438963374605,-0.23653325209612397,0.85849786409788,0.9271700767504524,21.87393743216547,0,Female,One year,Fiber optic,1
-0.5401776446682138,1.793473047635278,-0.4338475233525722,-0.08423778893894518,2.347839161796907,68.03947319679548,0,Male,One year,Fiber optic,1
3.03166901503986,3.023046869732369,-1.2914555644869643,-4.297419792461216,-1.2316930935173638,55.902502129209566,0,Female,One year,DSL,1
-2.7889523297178176,1.666096866871282,-0.10312806235137562,1.6619724799849847,0.6646965854479489,39.73294707243463,12,Female,One year,Fiber optic,1
0.37169754030438407,0.17694619698588632,1.356728490712121,-2.145471834722546,-0.07762955114728325,99.73159088733578,24,Male,Month-to-month,DSL,0
0.773519837371734,1.776358990570539,-1.0836658334280935,1.563752497354339,-2.829756761606155,54.63216060267808,36,Male,One year,Fiber optic,1
1.9609463304260595,-0.272768419367758,0.7749361071084743,-1.7401681613488358,-2.6716425703066697,20.316244961734572,24,Male,One year,Fiber optic,1
1.7699699028429232,-2.2146617121572465,1.038727899914912,-0.5642640262402866,-2.0488263508186386,28.734554004917634,12,Female,One year,Fiber optic,0
-0.2700875417880315,-0.3760572208744466,-0.4821242843214694,1.926919544447843,-2.956722435740771,21.629048735935786,24,Male,One year,Fiber optic,1
-3.643531993174425,-0.7379219886942052,1.6491913233344617,-1.8573853402638798,2.501776853769443,37.86287013984618,12,Male,Month-to-month,DSL,0
-1.6904421678130102,-0.9532386538791747,-0.34969874535875045,-2.643854241532626,1.4761432204368012,42.7870824021491,0,Male,One year,DSL,0
0.20135192005516078,-0.42248925645853674,0.23167268419506085,1.5358536571009724,1.5555976789738297,28.297252556488026,12,Male,Two year,No,0
-0.29605712872936507,-0.16039897612369403,0.24104327786211174,1.2394550058304212,-1.6863510199580176,55.62423322190991,0,Male,One year,Fiber optic,0
-0.16476397463453385,-0.7470021095758943,-0.060280749027981445,-1.2946626135896995,0.3130271900059199,68.69525968180821,12,Female,Month-to-month,Fiber optic,0
2.1230679221086683,2.208914273925066,-0.9229768983740939,-1.4550850106086062,-1.6427571729806891,79.53541995607075,0,Male,Two year,Fiber optic,1
0.39650952669320594,-1.3493771652089541,0.9980841726036552,-0.5877223266867039,0.1570988885347369,86.52324160805178,24,Male,One year,Fiber optic,0
-0.7352593807732897,-1.9867966428047907,-0.6584735952612559,2.218774805822976,-1.0682365266597122,42.474939529048996,0,Male,One year,Fiber optic,0
-2.4497950107333155,0.43493982122945685,1.5895633328625773,-1.1328833348756078,1.0017296805148532,79.18276569648926,36,Male,One year,DSL,0
1.4069345773930313,-0.8011531591056947,1.1967632249804385,2.085817543968338,-4.199355294890316,93.76137489635015,0,Male,One year,Fiber optic,0
-1.0620240473499143,-0.8067950920529969,-0.9287363155327847,1.8773911370158332,-1.7216002099065084,20.102140860990232,24,Female,One year,Fiber optic,1
1.414071592044238,1.4464248020558448,1.7806385994777079,-0.483542579850716,-1.5344741263163857,79.08032061895668,0,Male,Two year,Fiber optic,1
0.8531796401075236,2.526532910293476,-0.14798874752285357,-1.140753327910523,-1.4278154935308625,85.82456127676734,36,Male,Month-to-month,DSL,0
1.4428503190676516,1.3049124167117812,1.4591609941886914,-0.7347042799062051,-1.5576701918268807,61.2519201695048,0,Female,One year,Fiber optic,1
2.948061605969849,1.765514077398803,1.3801232895853999,-1.9088180154348562,-3.2087495587210344,78.31511809023647,0,Male,One year,Fiber optic,1
0.592285071434175,3.203100861976801,0.3265959599163561,0.9958558894302174,0.31064592224878795,72.90181198006803,12,Female,One year,Fiber optic,1
-2.1548060917044043,0.5749119611651501,-0.05171311130804584,-0.46008701370422744,-0.4719671442914348,37.9262027037888,24,Female,One year,DSL,0
1.9305826158504615,1.0922459796181672,-1.8281649279271395,-0.09889428745846163,-3.675196227013763,81.4059451153677,0,Male,One year,Fiber optic,1
1.2251521622091635,-2.5240650836724736,0.8329454428250415,3.610384885676314,-0.5977798597199927,24.250910350803185,0,Male,One year,No,0
-0.08431476211792288,-1.6728391648872658,-2.133184427628144,-2.3659006141381624,-0.15225642467986605,73.29636301118418,48,Male,One year,Fiber optic,0
-0.01954571076927225,-1.291834249961322,-0.39506690612720935,1.711993505166901,-1.6902629845713857,63.26991728761502,0,Female,One year,Fiber optic,0
-0.6386225127490535,-2.8196321176060284,0.9820109861215902,1.5375286243845223,-2.291385317339215,49.12476632746309,12,Female,One year,Fiber optic,0
-0.6473456411796645,-1.2553209128362215,1.4198444873730531,0.8239373826442924,-0.9385629785102838,45.449483223193496,12,Male,One year,Fiber optic,0
1.2707541097428683,-0.9147259749441978,-0.12050105822332462,-1.8027957487766972,-2.4299084423268598,48.433714189764466,36,Female,One year,Fiber optic,1
-0.569803616618104,-0.07050135475046815,1.4801830768818647,0.01998041261704442,-0.37994175570911076,38.005603963006294,0,Male,One year,Fiber optic,0
0.7540793255507234,-4.6896559161837885,0.20082428967447372,-3.088179669262002,1.4760144780057975,90.26153661682574,36,Female,Two year,Fiber optic,0
1.0148592783567367,0.24024676119160693,-1.1488401196158635,2.854434736250984,-6.784039956833372,51.96114855190132,48,Female,One year,Fiber optic,1
-1.5091917369254089,-2.173628048515739,0.4380236053280973,-1.4254901005554819,1.7948105015689586,27.89028677671571,0,Female,Month-to-month,DSL,0
-1.5620036964223107,-3.1278328074616604,0.9492573018529092,-4.1161355332120335,1.5348540857328776,33.337137191407685,0,Female,One year,Fiber optic,0
-3.4904272400651513,-1.5379393667677501,0.7836604742267077,-0.9085880380875802,0.9987937813858712,26.23994142971531,24,Male,One year,Fiber optic,0
1.5889612032124907,-0.39882274554832997,0.3093904424598202,1.5232165089148895,-2.8594803220345772,98.00927990043047,0,Male,Two year,No,0
-1.4852370216815884,1.9719972405475024,-0.6616898709663194,0.502723183831224,1.0002015575166,65.15491305027264,12,Female,One year,Fiber optic,1
-1.9736077243742882,-1.8585222009418243,1.2455568146836256,0.2919714841375216,-0.2428537972552779,66.38625677626149,0,Female,One year,Fiber optic,0
1.2545772947190499,-3.3690504810961843,-0.8841091410299213,-2.0882081718054466,1.2514525786147537,100.71551576586386,24,Female,One year,Fiber optic,0
-0.5980426140497961,0.8081782491706297,-0.12331159906616064,-0.9307630504274653,-3.379171417229767,54.90429347076806,24,Female,One year,DSL,0
-0.5920521170112927,1.5543668537536894,0.9342740176365468,2.308247313129468,-2.103606724053011,40.70770071352973,24,Female,One year,Fiber optic,1
-2.4634920229391155,-0.36016761526700936,-0.8431023046628692,-0.07209773958738275,0.14874433575325852,44.42439902310083,12,Female,Month-to-month,DSL,0
3.626930726690363,1.5819738224046747,0.3001750492845211,-2.8906880676714213,-3.441472377584878,61.52121438277508,12,Female,One year,Fiber optic,1
-3.417049337674041,2.3480186258473275,-0.3065930746783823,0.3334038123740065,4.443976567046943,68.67515005273304,0,Male,One year,Fiber optic,1
0.9643387173372395,1.5453204926930535,0.4330463786039467,0.7820747202547748,-0.8665414139979258,22.763100026925507,12,Male,One year,Fiber optic,1
-2.4880975183361405,-0.12107002915119658,-0.05158125721557804,2.2391144256772977,-0.031224901219606055,20.994111855373163,0,Female,One year,Fiber optic,1
-2.101873368311004,0.18919739354497733,0.3354213204803695,-0.10270637401505933,2.486813002291415,25.117199591870072,0,Female,Two year,Fiber optic,1
1.822169546171668,1.363222906228808,-0.5218305414881482,-1.6249316003861383,-1.9695578718146105,69.71455568551914,0,Female,One year,Fiber optic,1
2.1612019057833485,0.331461919793401,-2.038446524882173,-2.20962405641397,-2.3786993681331827,22.926976984176125,24,Female,One year,Fiber optic,1
-1.0631059704014238,-1.7802528907742141,-1.2841982109111607,1.0287575340792734,-0.24612008997068838,34.263568564244764,12,Female,One year,Fiber optic,0
-0.1678896019887488,1.6998082532465486,1.1531696984548447,-0.15727963498604536,-0.2554104944440533,63.19280040048486,0,Female,Two year,Fiber optic,1
5.622971080405074,1.6446630847081187,-0.04674945390270229,-5.129635355284986,-5.059102538736019,65.0683538898253,12,Female,Month-to-month,DSL,1
-1.9925596268088603,-1.2819652182697836,0.9431592010001667,1.2578384092815629,-0.9977535776443982,40.401381848902076,0,Female,One year,Fiber optic,0
-2.215569170375148,-0.1677711914303086,-1.5901913232542981,1.5373476938360597,0.7116474992310698,35.494475385447416,0,Female,One year,Fiber optic,1
-1.8303738881614724,-2.282668338062857,0.349827912680088,-0.6853321616038635,-2.26774519366137,20.935812933358406,48,Male,One year,Fiber optic,0
-1.695070361881338,2.045069938688354,0.3181593274098852,-0.00667408534402858,4.431331676758307,71.83626277378913,0,Male,One year,Fiber optic,1
0.18783811786102844,-0.9190028637848133,-0.11387660773574096,1.0877681730699185,-4.521024180015318,107.17307719370999,12,Male,One year,Fiber optic,0
5.014486353538271,4.400673797991458,0.13175010974729182,-5.372961457710753,-1.8689538865665725,89.0195320078951,0,Male,One year,Fiber optic,1
1.5519636366824723,0.11059734732364668,-0.2242409555481863,-1.4880488754150794,-2.2209547807045698,23.920543543126595,24,Female,One year,Fiber optic,1
-0.29691891687515404,-2.2160625616593386,-0.1341533269924053,-0.04155988474438588,-0.6179041375016159,27.043007621784085,0,Female,Month-to-month,Fiber optic,0
3.344810938222545,-2.143002804069628,-0.37077059666050965,5.175222791427651,-4.401011310308136,97.2374195892563,12,Female,One year,No,0
1.9518447224319297,1.639190190968002,-1.2433622606798904,-1.7767815327381657,-1.7380057269452158,51.497246840719406,0,Female,One year,Fiber optic,1
-2.9641391259782157,-1.2818283403471584,-1.8515868342905866,-1.2889406295245922,-0.9249886186631131,44.86374576443662,36,Male,One year,DSL,0
1.0114371355256218,1.4862285613165818,0.0893607385962395,1.6214846190566128,-2.4883747078153498,45.55978198380801,0,Male,Month-to-month,DSL,0
1.3387965347392283,3.084255672975603,-1.3945595133260753,1.4094709629262088,-4.045840186868978,61.31202969826295,48,Male,One year,Fiber optic,1
-0.8590231820085721,-0.068391933483813,0.5043190155645603,0.8093403603224714,-1.2056056119376615,30.58589413068292,12,Male,One year,Fiber optic,1
0.615549673370271,-2.1871348213717017,-1.1355972655255242,3.126260868546639,-2.6160796857545634,78.38251226987506,0,Male,One year,No,0
0.7179434014225277,-2.914534094617842,0.7156090679730908,-1.7071753040264062,2.699113719996563,116.5389222633172,0,Female,Month-to-month,Fiber optic,0
-1.5459829734950943,-0.8734980256384348,0.5336264248164758,-2.014253340046404,0.8520795385127338,47.85678870898033,36,Female,Two year,Fiber optic,0
-0.3071919462901951,1.414113071649324,-0.9370069812461074,-0.10943524806699012,0.0960837310222114,38.92266066719212,0,Female,One year,Fiber optic,1
-0.7362473541449466,-0.3716024335213217,0.7239970324019037,0.6948873492210412,-0.17894388023969612,25.58498404333614,12,Female,One year,Fiber optic,1
-1.6770987329433353,-0.6858345256521967,-1.5050658569037048,1.456253048482302,0.2703002769775012,42.713239269758446,24,Female,Two year,Fiber optic,0
-1.087421880411793,1.9475337970321946,-0.3548507313518155,0.8681126899583204,1.112370408595106,60.56582579627153,12,Female,One year,Fiber optic,1
-2.713170814707655,3.1147816255150125,0.1980786170315992,-0.14700129269743756,3.510473236089861,72.29844893351483,0,Male,Two year,Fiber optic,1
0.820572927651912,-2.2715943561835905,0.23045988062763317,2.274666503106622,-2.7623177550502076,54.98112018620059,12,Male,One year,Fiber optic,0
-1.6039347172811742,-2.014188000287557,-0.6215940451706841,1.7148478776347136,-0.5298494675378201,29.824007839113584,12,Female,One year,Fiber optic,0
-0.07866007985513235,-1.4659132084653428,-2.143966831621994,1.8860596426544423,-0.9233423013485645,23.7521378494078,0,Male,One year,Fiber optic,1
-0.6407258366329287,-0.4769489894919525,-0.8839229498283454,1.541447550453797,-0.35199450847423736,46.33419902502223,0,Male,One year,Fiber optic,0
-0.8668082338753491,1.0360557678899787,0.24527693221760752,-0.3043350625964999,0.5849713243285027,37.02096380496524,12,Female,One year,Fiber optic,1
-2.152328083866796,3.2052810583921407,-0.03193389005081066,1.0589493610714453,1.50335526055863,67.0494780459852,12,Male,One year,Fiber optic,1
-3.481269935773508,0.3663019584417979,0.03986420749158608,1.3307218866422055,2.2095443607872505,23.35694676800093,0,Male,One year,Fiber optic,1
2.6780360528716423,1.3650988650224463,-0.1487295878173936,-2.890920452279266,-2.496565228296058,36.01123361943616,12,Male,One year,DSL,1
0.6075484946610981,0.9710014153669574,-1.0055559711837476,0.2888340394241402,-2.3453801665479608,62.90661472661462,0,Female,One year,Fiber optic,1
-0.11072744839769,-0.8283222476799169,1.5947619890438636,1.5852731811874754,-1.5283383074016648,59.54300580690795,0,Female,One year,Fiber optic,0
-2.3239014026734512,1.2638585363355421,-1.4899362046402225,1.5845166996605018,-0.46838349086526937,34.391338498011855,0,Female,Month-to-month,DSL,0
-0.1613482860385559,-1.3887632180010083,0.592521009760872,-2.7317234776916104,0.27674914643038956,26.93820549762645,12,Male,One year,Fiber optic,0
-1.6566398990833355,-0.07667142976763186,0.020013805001610485,-2.1490648761971345,-0.3302140074432796,35.23984514308746,36,Male,One year,DSL,0
-0.6876883591537419,-0.18580661760791395,-0.4679237223332475,-0.7753338343783253,0.9385842211157777,50.71583039993592,0,Female,One year,Fiber optic,0
0.29327078394586614,-1.8696694980474722,-0.29003040146619263,2.621039839851345,-2.33731280134442,71.973011947699,0,Male,One year,Fiber optic,0
0.759900414220412,-0.7191210378963837,0.41665906054859364,-1.0343736752333232,-2.135612242106952,45.806140487859125,24,Female,One year,Fiber optic,1
-1.2132472643234826,0.49849751036095025,-0.4773448584438344,1.8860754205732237,-0.6505107312115271,56.216115191033076,0,Female,Two year,Fiber optic,1
-2.9940673761508485,-0.12564205114956628,0.31736263325536135,-2.27980534609673,-1.755091393537851,50.42432569834018,48,Male,One year,DSL,0
0.14850792499864007,-2.132587862142859,-0.239455093765584,3.800443628854161,-2.0124407759742744,85.16119855832635,12,Female,One year,No,0
0.1332740134887469,0.055074976462688,-0.6713804436449524,1.6239941738443262,-1.511191783088552,28.25419964822919,0,Male,One year,Fiber optic,1
-1.0406996604048624,-4.434861884261007,0.11003482393284925,-1.4154196742033927,3.528367309688315,34.48261308620121,24,Male,One year,Fiber optic,0
-0.5559661058392111,-1.4804671477652886,0.5063867472328947,-0.39015638405531194,-0.937779613197225,27.648662410622148,24,Male,Two year,Fiber optic,0
1.65768587188373,-0.6072369108020217,-1.4572992875838315,2.372339089918713,-2.5145259256961903,86.15733717864316,0,Male,Two year,No,0
0.3925946744222084,1.6200404795573369,-0.6133636006232359,1.5382387717091965,-0.872685979672835,49.389359264481044,12,Female,One year,Fiber optic,1
-1.4813637207300385,-2.8707781495845173,0.759012970582189,1.8911178081209505,-0.4326804223982274,37.489759765385415,12,Female,One year,Fiber optic,0
-2.734103051648307,-0.9447634441179805,0.017972579368308247,-0.8835110009029586,1.437487747353766,55.620649108241764,24,Male,Month-to-month,DSL,0
-1.8028514334084464,1.1366849473522125,0.7520463836188297,-1.2601810207512445,-1.409830240016076,31.827905811866188,24,Male,Month-to-month,DSL,0
-1.7610928666028567,-1.4427330999235028,0.09637712311403587,1.5710086630220463,-1.46744603007056,28.592887352177236,0,Male,Month-to-month,Fiber optic,0
-1.1543862243328307,-0.6968484585604588,-0.8228676049979778,0.24435189945293556,-0.9118892326480141,41.53593788086475,12,Male,One year,Fiber optic,0
0.9311111309540838,1.1507505101789146,1.0835485233278697,-1.997800166712571,-0.026822065700054555,27.795617858942137,12,Female,Two year,Fiber optic,1
1.0411186909599566,0.12961868922614594,-0.17471103792997442,-0.5376885168741832,-1.6915221233697313,27.641229116130255,24,Female,One year,Fiber optic,1
2.905792005538995,0.9469624265859331,0.6936979550131448,-2.5054282083820762,-3.1765004980114506,42.45699121224297,12,Male,One year,Fiber optic,1
-0.5112428128805212,-2.728893969766532,1.0904721690569936,3.2187417163889585,-3.7210739272428506,66.2967245898216,0,Male,One year,Fiber optic,0
2.6025521590293783,1.2397641921657727,0.14805741389081464,-1.4214874366642056,-3.6858382868425403,68.01373748228536,0,Female,Month-to-month,DSL,1
-1.7267134991906632,-0.49341989862420244,1.6627772891794692,0.9790428439327028,1.1746837112880806,21.59018112796388,0,Male,One year,Fiber optic,1
3.075273194657873,0.4054512516801563,-0.7621584630262199,2.721570889717238,-6.2719417110017535,20.995512272980772,36,Female,Month-to-month,Fiber optic,1
1.5384431613720269,2.176942724266563,0.17952330153746154,1.5609540496324625,-2.6878855390471306,59.744081220269074,24,Male,One year,Fiber optic,1
-0.39070308858426406,0.3302666052786358,-2.4604358220962053,0.5874672153026216,-0.6082494935235113,27.262510139059387,0,Female,One year,Fiber optic,0
-2.4274335606923687,3.7097788314996842,-0.35167424284377147,-1.1384452087483172,4.1354992186752035,89.63940228174012,12,Male,Two year,Fiber optic,1
-0.5917933799769577,-1.3286895214567302,-1.6984505684002509,0.48528073087504375,-2.5873630810370267,43.028667186014694,24,Male,One year,Fiber optic,0
-3.015131997120797,-0.7841738625926217,0.737528063466538,-1.0684564751465813,0.8136975608158781,45.308371922154265,0,Male,Month-to-month,DSL,0
-1.951174453483831,-2.177236576443449,-0.9626685344090254,2.1668326528365824,-2.6968766366775805,63.51450062890508,12,Female,One year,Fiber optic,0
4.440631312417416,2.6592498200891876,0.130129438098042,-3.649532422921445,-3.120225748457583,87.96997760454586,0,Female,One year,Fiber optic,1
1.108151591265529,1.1543530396874304,-0.3181426326614269,-2.0018859111497154,-0.6500300352333284,31.753054580337388,0,Female,One year,Fiber optic,1
2.081273976704761,1.5976240986472092,-0.950175462069795,-1.9912574442609383,-1.3634335853854571,41.115608974856855,12,Male,Two year,Fiber optic,1
0.9049280312753256,0.8706149256958394,0.6651060515214793,1.7788945216488927,-3.023419681099661,31.725913495025267,24,Male,One year,Fiber optic,1
-2.101452053584726,1.2146858119317578,0.20092570656524597,1.516742410286787,-0.2420101529640383,52.871222244190626,24,Male,One year,Fiber optic,1
1.2092170909314452,1.6280938614941758,-1.0034654257992905,-1.0995968169609558,-0.8888102868294797,46.7619946618477,0,Female,Two year,Fiber optic,1
-3.439153469032765,2.515417771211877,0.00692472104371437,0.3136548452442012,5.907926889851456,78.9467872296479,12,Female,One year,Fiber optic,1
-4.349890423559755,0.5357994400657964,0.5107355496072734,-1.3865538782504423,2.6134688125247827,53.9898303947927,12,Female,One year,DSL,0
-0.5506879941279199,1.5013592246103467,-0.5668034520958176,-0.11126454094282212,1.1807925341445582,54.5545121023192,12,Male,One year,Fiber optic,1
2.4456595985764498,1.6491122293703109,0.26065615470520265,-2.2175033418591177,-2.4181007717052037,63.83424072611547,0,Male,One year,Fiber optic,1
